laua,laua_name,All Premises,All Matched Premises,SFBB availability (% premises),UFBB availability (% premises),Full Fibre availability (% premises),% of premises unable to receive 2Mbit/s,% of premises unable to receive 5Mbit/s,% of premises unable to receive 10Mbit/s,% of premises unable to receive 30Mbit/s,% of premises below the USO,% of premises with NGA,% of premises able to receive decent broadband from FWA,% of premises able to receive SFBB from FWA,Number of premises with SFBB availability,Number of premises with UFBB availability,Number of premises with Full Fibre availability,Number of premises unable to receive 2Mbit/s,Number of premises unable to receive 5Mbit/s,Number of premises unable to receive 10Mbit/s,Number of premises unable to receive 30Mbit/s,Number of premises below the USO,Number of premises with NGA,Number of premises able to receive decent broadband from FWA,Number of premises able to receive SFBB from FWA,Number of premises with 30<300Mbit/s download speed,Number of premises with >=300Mbit/s download speed,Number of premises with 0<2Mbit/s download speed,Number of premises with 2<5Mbit/s download speed,Number of premises with 5<10Mbit/s download speed,Number of premises with 10<30Mbit/s download speed,% of premises with 30<300Mbit/s download speed,% of premises with >=300Mbit/s download speed,% of premises with 0<2Mbit/s download speed,% of premises with 2<5Mbit/s download speed,% of premises with 5<10Mbit/s download speed,% of premises with 10<30Mbit/s download speed
S12000033,ABERDEEN CITY,118503,118403,73.7,20.3,13.3,0.0,0.1,0.6,5.9,0.7,97.5,0.0,0.0,111356,24059,15777,35,153,739,7047,886,115500,0,0,87297,24059,35,118,586,6308,73.7,20.3,0.0,0.1,0.5,5.3
S12000034,ABERDEENSHIRE,117190,116500,78.4,2.8,2.6,2.6,5.9,9.9,18.2,11.0,93.6,0.0,0.0,95146,3234,3095,2997,6960,11624,21354,12937,109706,0,0,91912,3234,2997,3963,4664,9730,78.4,2.8,2.6,3.4,4.0,8.3
E07000223,ADUR,28236,28228,14.8,84.1,0.7,0.0,0.0,0.1,1.1,0.2,99.3,0.0,0.0,27907,23734,189,0,12,38,321,46,28029,0,0,4173,23734,0,12,26,283,14.8,84.1,0.0,0.0,0.1,1.0
E07000026,ALLERDALE,46382,46336,90.7,1.6,1.6,1.1,2.4,3.4,7.6,3.5,98.6,1.6,1.6,42812,762,762,510,1115,1562,3524,1641,45755,764,728,42050,762,510,605,447,1962,90.7,1.6,1.1,1.3,1.0,4.2
E07000032,AMBER VALLEY,56761,56707,67.1,25.9,22.7,0.1,0.8,1.9,6.9,2.1,98.4,0.0,0.0,52797,14712,12910,79,481,1099,3910,1189,55865,0,0,38085,14712,79,402,618,2811,67.1,25.9,0.1,0.7,1.1,5.0
S12000041,ANGUS,56761,56470,72.0,14.1,1.4,1.4,3.7,7.1,13.4,7.8,94.8,0.0,0.0,48845,7986,807,786,2114,4020,7625,4441,53783,0,0,40859,7986,786,1328,1906,3605,72.0,14.1,1.4,2.3,3.4,6.4
N09000001,ANTRIM AND NEWTOWNABBEY,57564,57364,34.8,56.7,25.1,1.7,3.0,3.9,8.1,4.2,98.9,0.0,0.0,52688,32659,14459,961,1718,2243,4676,2444,56951,0,0,20029,32659,961,757,525,2433,34.8,56.7,1.7,1.3,0.9,4.2
N09000011,ARDS AND NORTH DOWN,68862,68733,30.5,64.0,59.1,0.5,1.2,2.2,5.3,2.4,99.7,0.0,0.0,65089,44099,40671,361,792,1516,3644,1656,68635,0,0,20990,44099,361,431,724,2128,30.5,64.0,0.5,0.6,1.1,3.1
S12000035,ARGYLL AND BUTE,48953,47926,76.8,0.9,0.9,2.9,5.6,10.6,20.2,13.2,88.7,0.0,0.0,38029,447,446,1443,2748,5169,9897,6470,43423,0,0,37582,447,1443,1305,2421,4728,76.8,0.9,2.9,2.7,4.9,9.7
N09000002,"ARMAGH CITY, BANBRIDGE AND CRAIGAVON",80209,79891,49.8,37.8,38.0,1.6,3.3,5.1,12.0,5.6,98.4,0.0,0.0,70258,30323,30492,1274,2624,4113,9633,4497,78924,1,0,39935,30323,1274,1350,1489,5520,49.8,37.8,1.6,1.7,1.9,6.9
E07000224,ARUN,74701,74696,91.7,5.0,2.8,0.1,0.1,0.3,3.3,0.4,99.7,0.0,0.0,72257,3761,2081,54,90,223,2439,274,74497,0,0,68496,3761,54,36,133,2216,91.7,5.0,0.1,0.0,0.2,3.0
E07000170,ASHFIELD,56301,56292,13.0,85.6,1.2,0.0,0.3,0.4,1.4,0.4,99.3,0.0,0.0,55520,48190,703,5,182,221,772,232,55902,0,0,7330,48190,5,177,39,551,13.0,85.6,0.0,0.3,0.1,1.0
E07000105,ASHFORD,53726,53711,45.5,44.8,5.0,0.4,1.7,3.6,9.7,3.9,98.6,0.0,0.0,48509,24084,2666,196,936,1959,5202,2090,52950,0,0,24425,24084,196,740,1023,3243,45.5,44.8,0.4,1.4,1.9,6.0
E07000004,AYLESBURY VALE,83529,83509,48.0,44.2,11.5,0.4,1.5,2.8,7.8,3.0,96.4,0.0,0.0,77021,36936,9567,335,1215,2359,6488,2507,80549,0,0,40085,36936,335,880,1144,4129,48.0,44.2,0.4,1.1,1.4,4.9
E07000200,BABERGH,40571,40539,82.0,10.7,6.3,0.4,1.1,1.8,7.2,1.9,99.0,0.0,0.0,37601,4332,2576,179,435,734,2938,786,40156,0,0,33269,4332,179,256,299,2204,82.0,10.7,0.4,0.6,0.7,5.4
E09000002,BARKING AND DAGENHAM,77269,76755,8.5,90.1,46.6,0.0,0.3,0.3,0.7,1.0,98.6,0.0,0.0,76216,69638,36015,11,194,254,539,790,76224,0,0,6578,69638,11,183,60,285,8.5,90.1,0.0,0.2,0.1,0.4
E09000003,BARNET,150741,150736,46.1,51.3,18.2,0.0,0.0,0.0,2.6,0.2,98.5,0.0,0.0,146787,77286,27480,0,11,73,3949,346,148491,0,0,69501,77286,0,11,62,3876,46.1,51.3,0.0,0.0,0.0,2.6
E08000016,BARNSLEY,110878,110871,42.3,55.5,14.3,0.1,0.2,0.4,2.2,0.5,99.5,0.0,0.0,108415,61518,15857,98,219,453,2456,519,110328,0,0,46897,61518,98,121,234,2003,42.3,55.5,0.1,0.1,0.2,1.8
E07000027,BARROW-IN-FURNESS,33622,33603,97.9,0.6,0.6,0.1,0.2,0.4,1.4,0.4,99.9,0.1,0.1,33136,209,209,46,72,122,467,141,33601,34,34,32927,209,46,26,50,345,97.9,0.6,0.1,0.1,0.1,1.0
E07000066,BASILDON,78769,78703,28.7,67.7,9.7,0.0,0.2,0.7,3.6,0.9,99.2,0.0,0.0,75894,53310,7613,7,144,583,2809,685,78159,0,0,22584,53310,7,137,439,2226,28.7,67.7,0.0,0.2,0.6,2.8
E07000084,BASINGSTOKE AND DEANE,76050,76036,51.3,44.2,15.6,0.4,0.9,1.8,4.5,1.9,98.9,0.0,0.0,72602,33624,11831,272,721,1346,3434,1449,75236,0,0,38978,33624,272,449,625,2088,51.3,44.2,0.4,0.6,0.8,2.7
E07000171,BASSETLAW,51738,51679,65.9,29.6,4.3,0.4,0.7,1.0,4.4,1.1,99.5,6.8,5.0,49400,15312,2211,190,340,511,2279,592,51458,3519,2569,34088,15312,190,150,171,1768,65.9,29.6,0.4,0.3,0.3,3.4
E06000022,BATH AND NORTH EAST SOMERSET,82561,82500,47.0,43.9,16.1,0.2,0.7,1.8,9.1,2.2,95.1,0.0,0.0,74984,36216,13302,197,541,1477,7516,1840,78525,0,0,38768,36216,197,344,936,6039,47.0,43.9,0.2,0.4,1.1,7.3
E06000055,BEDFORD,75710,75705,26.5,70.4,5.9,0.1,0.3,0.7,3.1,0.7,99.1,0.0,0.0,73380,53336,4471,89,249,511,2325,539,75039,0,0,20044,53336,89,160,262,1814,26.5,70.4,0.1,0.2,0.3,2.4
N09000003,BELFAST,154022,153852,7.1,91.7,45.5,0.0,0.0,0.2,1.1,0.5,99.0,0.0,0.0,152106,141199,70082,21,66,318,1746,743,152483,0,0,10907,141199,21,45,252,1428,7.1,91.7,0.0,0.0,0.2,0.9
E09000004,BEXLEY,98329,98289,21.2,75.8,11.9,0.0,0.0,0.7,3.0,1.3,97.7,0.0,0.0,95374,74570,11747,24,49,694,2915,1252,96039,0,0,20804,74570,24,25,645,2221,21.2,75.8,0.0,0.0,0.7,2.3
E08000025,BIRMINGHAM,435426,435303,14.1,82.7,19.8,0.0,0.1,0.7,3.2,1.0,96.8,0.0,0.0,421470,359886,86338,50,359,3060,13833,4301,421626,0,0,61584,359886,50,309,2701,10773,14.1,82.7,0.0,0.1,0.6,2.5
E07000129,BLABY,42869,42860,32.5,65.6,33.6,0.1,0.2,0.3,1.9,0.4,99.1,0.0,0.0,42042,28116,14420,22,87,126,818,190,42472,0,0,13926,28116,22,65,39,692,32.5,65.6,0.1,0.2,0.1,1.6
E06000008,BLACKBURN WITH DARWEN,60983,60971,33.9,64.0,3.6,0.1,0.2,0.5,2.1,0.5,99.6,47.7,23.6,59677,39033,2211,41,146,296,1294,312,60714,29068,14370,20644,39033,41,105,150,998,33.9,64.0,0.1,0.2,0.2,1.6
E06000009,BLACKPOOL,71173,71155,32.3,66.8,0.4,0.0,0.0,0.0,0.9,0.1,99.2,0.0,0.0,70542,47547,267,0,9,20,613,38,70622,0,0,22995,47547,0,9,11,593,32.3,66.8,0.0,0.0,0.0,0.8
W06000019,BLAENAU GWENT,32813,32808,96.3,1.0,1.0,0.0,0.1,0.5,2.6,0.5,99.7,0.0,0.0,31956,341,341,9,26,167,852,172,32700,9,0,31615,341,9,17,141,685,96.3,1.0,0.0,0.1,0.4,2.1
E07000033,BOLSOVER,36237,36234,65.9,27.7,3.4,0.2,0.4,0.8,6.4,1.1,98.7,0.0,0.0,33915,10032,1216,68,158,288,2319,411,35781,0,0,23883,10032,68,90,130,2031,65.9,27.7,0.2,0.2,0.4,5.6
E08000001,BOLTON,124513,124504,28.9,69.7,0.7,0.0,0.1,0.3,1.4,0.4,99.4,4.5,2.6,122798,86771,822,21,105,331,1706,445,123798,5584,3180,36027,86771,21,84,226,1375,28.9,69.7,0.0,0.1,0.2,1.1
E07000136,BOSTON,30697,30627,87.1,2.9,2.9,1.1,2.4,3.5,9.8,3.7,97.7,3.1,3.1,27623,891,891,347,743,1070,3004,1146,29982,946,944,26732,891,347,396,327,1934,87.1,2.9,1.1,1.3,1.1,6.3
E06000058,"BOURNEMOUTH, CHRISTCHURCH AND POOLE",184231,184142,20.4,78.4,14.3,0.2,0.2,0.3,1.2,0.3,99.4,0.0,0.0,181892,144351,26420,304,313,506,2250,621,183216,0,0,37541,144351,304,9,193,1744,20.4,78.4,0.2,0.0,0.1,0.9
E06000036,BRACKNELL FOREST,50399,50397,44.9,50.5,2.9,0.1,0.3,1.4,4.5,1.4,98.1,0.0,0.0,48123,25474,1472,67,146,694,2274,726,49464,0,0,22649,25474,67,79,548,1580,44.9,50.5,0.1,0.2,1.1,3.1
E08000032,BRADFORD,200263,199856,31.1,65.6,2.1,0.1,0.3,0.6,3.0,0.8,98.2,44.7,16.3,193797,131472,4241,149,516,1120,6059,1626,196755,89611,32684,62325,131472,149,367,604,4939,31.1,65.6,0.1,0.2,0.3,2.5
E07000067,BRAINTREE,65957,65908,85.7,2.5,2.4,0.8,2.3,3.8,11.8,4.0,94.4,0.0,0.0,58154,1635,1600,542,1521,2479,7754,2655,62246,0,0,56519,1635,542,979,958,5275,85.7,2.5,0.8,1.5,1.5,8.0
E07000143,BRECKLAND,61231,61144,83.7,4.0,2.5,0.8,2.3,4.2,12.1,4.6,96.8,0.0,0.0,53725,2448,1524,488,1402,2577,7419,2788,59282,0,0,51277,2448,488,914,1175,4842,83.7,4.0,0.8,1.5,1.9,7.9
E09000005,BRENT,122087,122001,42.1,55.4,11.7,0.0,0.0,0.3,2.4,0.3,97.7,0.0,0.0,119035,67685,14292,5,32,327,2966,419,119334,0,0,51350,67685,5,27,295,2639,42.1,55.4,0.0,0.0,0.2,2.2
E07000068,BRENTWOOD,33309,33300,91.9,2.4,2.4,0.1,0.3,0.5,5.7,0.6,99.4,0.0,0.0,31390,791,791,37,102,171,1910,185,33111,0,0,30599,791,37,65,69,1739,91.9,2.4,0.1,0.2,0.2,5.2
W06000013,BRIDGEND,63766,63761,79.0,16.4,9.3,0.1,0.2,0.8,4.6,0.8,99.0,28.8,17.9,60829,10448,5936,61,101,496,2932,506,63160,18392,11428,50381,10448,61,40,395,2436,79.0,16.4,0.1,0.1,0.6,3.8
E06000043,BRIGHTON AND HOVE,135092,134975,19.6,78.6,1.5,0.0,0.0,0.3,1.7,0.5,98.4,0.0,0.0,132614,106192,2060,2,59,360,2361,713,132926,0,0,26422,106192,2,57,301,2001,19.6,78.6,0.0,0.0,0.2,1.5
E06000023,"BRISTOL, CITY OF",197958,197863,10.4,85.6,32.1,0.0,0.0,0.4,3.9,0.7,96.1,0.0,0.0,190142,169525,63485,0,44,743,7721,1288,190332,0,0,20617,169525,0,44,699,6978,10.4,85.6,0.0,0.0,0.4,3.5
E07000144,BROADLAND,58189,58089,54.5,38.1,5.8,0.5,1.5,2.9,7.3,3.2,98.1,0.0,0.0,53828,22141,3384,288,880,1716,4261,1855,57067,0,0,31687,22141,288,592,836,2545,54.5,38.1,0.5,1.0,1.4,4.4
E09000006,BROMLEY,139834,139820,15.7,81.9,0.9,0.0,0.2,0.5,2.3,0.5,98.6,0.0,0.0,136548,114540,1213,55,328,640,3272,686,137911,0,0,22008,114540,55,273,312,2632,15.7,81.9,0.0,0.2,0.2,1.9
E07000234,BROMSGROVE,41897,41873,65.2,28.9,7.5,0.3,0.9,1.5,5.8,1.5,99.1,1.6,0.0,39452,12115,3157,146,383,609,2421,635,41516,659,13,27337,12115,146,237,226,1812,65.2,28.9,0.3,0.6,0.5,4.3
E07000095,BROXBOURNE,40735,40726,12.7,85.9,0.7,0.1,0.1,0.2,1.4,0.2,99.4,0.0,0.0,40167,34988,298,24,44,88,559,97,40488,0,0,5179,34988,24,20,44,471,12.7,85.9,0.1,0.0,0.1,1.2
E07000172,BROXTOWE,49974,49966,8.6,90.7,0.4,0.0,0.1,0.1,0.7,0.2,99.7,0.0,0.0,49597,45315,209,14,49,71,369,79,49847,0,0,4282,45315,14,35,22,298,8.6,90.7,0.0,0.1,0.0,0.6
E07000117,BURNLEY,41272,41264,31.4,67.1,0.6,0.1,0.1,0.3,1.4,0.3,99.8,46.1,11.0,40679,27707,264,30,39,127,585,135,41204,19011,4549,12972,27707,30,9,88,458,31.4,67.1,0.1,0.0,0.2,1.1
E08000002,BURY,82690,82569,50.8,46.4,9.8,0.0,0.1,0.2,2.7,0.3,99.8,0.1,0.0,80377,38336,8117,10,77,153,2192,274,82503,94,0,42041,38336,10,67,76,2039,50.8,46.4,0.0,0.1,0.1,2.5
W06000018,CAERPHILLY,78909,78905,86.0,10.9,7.0,0.0,0.1,0.3,3.1,0.3,99.9,32.1,23.5,76439,8584,5510,31,92,213,2466,220,78817,25351,18553,67855,8584,31,61,121,2253,86.0,10.9,0.0,0.1,0.2,2.9
E08000033,CALDERDALE,94607,94597,52.0,42.1,3.7,0.1,0.4,0.9,5.9,0.9,98.9,0.0,0.0,89051,39840,3459,106,368,805,5546,857,93561,23,23,49211,39840,106,262,437,4741,52.0,42.1,0.1,0.3,0.5,5.0
E07000008,CAMBRIDGE,56695,56633,12.0,86.4,6.4,0.0,0.0,0.3,1.5,0.5,98.5,0.4,0.0,55778,48966,3629,0,5,163,855,295,55860,250,0,6812,48966,0,5,158,692,12.0,86.4,0.0,0.0,0.3,1.2
E09000007,CAMDEN,104126,103903,13.6,83.2,8.1,0.0,0.0,0.0,3.0,0.3,96.8,0.0,0.0,100775,86613,8410,0,0,35,3128,279,100777,0,0,14162,86613,0,0,35,3093,13.6,83.2,0.0,0.0,0.0,3.0
E07000192,CANNOCK CHASE,43594,43590,74.1,23.1,0.6,0.0,0.1,0.1,2.8,0.4,99.4,0.0,0.0,42377,10087,256,5,26,30,1213,192,43325,0,0,32290,10087,5,21,4,1183,74.1,23.1,0.0,0.0,0.0,2.7
E07000106,CANTERBURY,70013,69859,92.2,0.8,0.8,0.3,0.7,1.1,6.8,1.4,99.5,0.0,0.0,65102,584,584,189,458,796,4757,952,69639,0,0,64518,584,189,269,338,3961,92.2,0.8,0.3,0.4,0.5,5.7
W06000015,CARDIFF,155210,154706,17.0,81.2,30.6,0.0,0.0,0.2,1.6,0.5,98.8,54.6,26.1,152298,125980,47536,14,75,277,2408,851,153310,84818,40571,26318,125980,14,61,202,2131,17.0,81.2,0.0,0.0,0.1,1.4
E07000028,CARLISLE,52068,52038,46.5,47.1,3.0,0.8,1.8,3.1,6.4,3.5,97.5,0.1,0.1,48694,24500,1582,412,936,1632,3344,1844,50763,34,34,24194,24500,412,524,696,1712,46.5,47.1,0.8,1.0,1.3,3.3
W06000010,CARMARTHENSHIRE,86612,86299,73.4,12.9,12.9,1.9,4.3,6.8,13.3,7.7,94.2,12.6,8.3,74754,11182,11182,1657,3723,5917,11545,6662,81569,10920,7169,63572,11182,1657,2066,2194,5628,73.4,12.9,1.9,2.4,2.5,6.5
E07000069,CASTLE POINT,38494,38407,53.3,45.7,3.0,0.0,0.0,0.0,0.8,0.3,99.7,0.0,0.0,38098,17579,1136,1,7,15,309,102,38364,0,0,20519,17579,1,6,8,294,53.3,45.7,0.0,0.0,0.0,0.8
N09000004,CAUSEWAY COAST AND GLENS,61618,60611,69.3,15.6,15.6,2.4,4.6,6.5,13.5,8.1,97.7,0.0,0.0,52300,9590,9585,1487,2809,3979,8311,5011,60195,0,0,42710,9590,1487,1322,1170,4332,69.3,15.6,2.4,2.1,1.9,7.0
E06000056,CENTRAL BEDFORDSHIRE,119155,119154,35.4,61.0,5.6,0.1,0.6,1.1,3.6,1.1,99.0,0.0,0.0,114810,72679,6649,127,767,1261,4344,1358,117924,0,0,42131,72679,127,640,494,3083,35.4,61.0,0.1,0.5,0.4,2.6
W06000008,CEREDIGION,34605,34448,60.0,20.6,20.6,2.9,6.6,11.2,19.0,12.4,90.4,3.5,2.8,27886,7121,7121,989,2298,3876,6562,4283,31271,1197,960,20765,7121,989,1309,1578,2686,60.0,20.6,2.9,3.8,4.6,7.8
E07000130,CHARNWOOD,73649,73643,26.1,72.2,9.2,0.0,0.1,0.5,1.7,0.5,99.4,0.0,0.0,72427,53200,6774,17,86,336,1216,392,73199,0,0,19227,53200,17,69,250,880,26.1,72.2,0.0,0.1,0.3,1.2
E07000070,CHELMSFORD,77412,77402,47.6,46.3,5.2,0.2,0.6,1.2,6.1,1.2,98.4,0.0,0.0,72673,35809,4046,153,430,893,4729,924,76167,0,0,36864,35809,153,277,463,3836,47.6,46.3,0.2,0.4,0.6,5.0
E07000078,CHELTENHAM,56317,56298,29.4,68.3,1.5,0.1,0.2,0.6,2.2,0.7,98.8,0.0,0.0,55039,38485,868,29,120,363,1259,414,55635,0,0,16554,38485,29,91,243,896,29.4,68.3,0.1,0.2,0.4,1.6
E07000177,CHERWELL,65125,65085,58.3,37.0,8.7,0.2,0.4,1.0,4.7,1.2,98.1,0.0,0.0,62036,24089,5671,133,245,667,3049,751,63880,0,0,37947,24089,133,112,422,2382,58.3,37.0,0.2,0.2,0.6,3.7
E06000049,CHESHIRE EAST,177607,177549,60.1,32.7,4.2,0.3,0.9,1.7,7.2,1.8,98.5,5.3,0.6,164841,58126,7379,570,1531,3108,12708,3285,174917,9393,1147,106715,58126,570,961,1577,9600,60.1,32.7,0.3,0.5,0.9,5.4
E06000050,CHESHIRE WEST AND CHESTER,159681,159650,70.3,24.4,5.9,0.2,0.5,1.1,5.3,1.2,99.0,6.0,0.0,151190,38998,9356,243,859,1791,8460,1864,158128,9571,0,112192,38998,243,616,932,6669,70.3,24.4,0.2,0.4,0.6,4.2
E07000034,CHESTERFIELD,49311,49301,61.4,35.3,3.0,0.0,0.1,0.3,3.2,0.3,99.9,0.0,0.0,47702,17430,1493,12,53,153,1599,166,49253,0,0,30272,17430,12,41,100,1446,61.4,35.3,0.0,0.1,0.2,2.9
E07000225,CHICHESTER,57066,56950,72.4,19.1,17.9,0.5,1.1,2.1,8.2,2.3,98.8,0.0,0.0,52266,10928,10222,288,609,1199,4684,1337,56393,0,0,41338,10928,288,321,590,3485,72.4,19.1,0.5,0.6,1.0,6.1
E07000005,CHILTERN,40013,40010,48.1,44.2,0.7,0.1,0.3,0.7,7.6,0.7,99.7,0.0,0.0,36956,17700,278,22,103,285,3054,298,39883,0,0,19256,17700,22,81,182,2769,48.1,44.2,0.1,0.2,0.5,6.9
E07000118,CHORLEY,50909,50884,45.3,49.4,4.2,0.1,0.8,1.5,5.3,1.6,98.4,43.5,22.4,48206,25151,2142,28,421,766,2678,794,50099,22120,11415,23055,25151,28,393,345,1912,45.3,49.4,0.1,0.8,0.7,3.8
S12000036,CITY OF EDINBURGH,247473,247462,15.0,82.7,21.9,0.0,0.2,0.3,2.3,0.6,98.2,0.0,0.0,241865,204781,54165,95,502,811,5597,1535,242975,0,0,37084,204781,95,407,309,4786,15.0,82.7,0.0,0.2,0.1,1.9
E09000001,CITY OF LONDON,6079,6079,49.0,26.2,26.1,0.0,0.0,0.0,24.8,0.0,75.2,0.0,0.0,4571,1591,1584,0,0,0,1508,0,4571,0,0,2980,1591,0,0,0,1508,49.0,26.2,0.0,0.0,0.0,24.8
S12000005,CLACKMANNANSHIRE,24532,24508,88.9,5.2,0.7,0.1,0.2,0.4,5.8,0.5,99.7,0.0,0.0,23075,1265,160,24,38,86,1433,111,24462,0,0,21810,1265,24,14,48,1347,88.9,5.2,0.1,0.1,0.2,5.5
E07000071,COLCHESTER,81967,81637,43.6,48.8,4.1,0.7,1.8,3.2,7.2,3.9,95.7,0.0,0.0,75772,40034,3398,541,1482,2599,5865,3195,78437,0,0,35738,40034,541,941,1117,3266,43.6,48.8,0.7,1.1,1.4,4.0
W06000003,CONWY,54903,54868,88.6,4.2,4.2,0.7,1.9,3.1,7.1,3.4,97.4,51.1,35.8,50958,2303,2303,376,1036,1685,3910,1860,53502,28033,19671,48655,2303,376,660,649,2225,88.6,4.2,0.7,1.2,1.2,4.1
E07000029,COPELAND,33406,33382,93.8,1.2,1.2,0.3,0.7,1.5,5.0,1.5,99.3,0.0,0.0,31717,388,388,93,247,492,1665,517,33184,0,0,31329,388,93,154,245,1173,93.8,1.2,0.3,0.5,0.7,3.5
E07000150,CORBY,30410,30383,37.6,60.8,11.3,0.2,0.6,0.6,1.4,0.7,99.0,0.0,0.0,29944,18497,3427,48,181,182,439,209,30101,0,0,11447,18497,48,133,1,257,37.6,60.8,0.2,0.4,0.0,0.8
E06000052,CORNWALL,265548,265097,55.1,36.3,33.2,0.3,1.1,2.1,8.5,2.6,97.0,3.5,1.3,242584,96314,88123,915,2924,5707,22513,6797,257634,9303,3497,146270,96314,915,2009,2783,16806,55.1,36.3,0.3,0.8,1.0,6.3
E07000079,COTSWOLD,42827,42815,60.9,28.6,28.5,0.2,0.8,3.0,10.5,4.0,92.4,0.0,0.0,38319,12237,12191,96,363,1302,4496,1730,39572,3,3,26082,12237,96,267,939,3194,60.9,28.6,0.2,0.6,2.2,7.5
E06000047,COUNTY DURHAM,243620,243547,84.0,9.3,4.6,0.3,0.7,1.4,6.6,1.7,98.9,0.2,0.0,227351,22619,11171,711,1800,3392,16196,4022,240865,606,74,204732,22619,711,1089,1592,12804,84.0,9.3,0.3,0.4,0.7,5.3
E08000026,COVENTRY,141262,140927,17.9,77.7,33.2,0.0,0.5,1.0,4.1,1.6,96.2,0.0,0.0,135156,109805,46897,10,713,1475,5771,2300,135931,0,0,25351,109805,10,703,762,4296,17.9,77.7,0.0,0.5,0.5,3.0
E07000163,CRAVEN,27550,27510,78.2,12.1,8.3,1.3,2.5,4.1,9.5,4.3,97.0,37.4,24.2,24888,3344,2286,359,681,1128,2622,1191,26716,10291,6655,21544,3344,359,322,447,1494,78.2,12.1,1.3,1.2,1.6,5.4
E07000226,CRAWLEY,45076,45075,13.1,86.2,1.4,0.0,0.0,0.1,0.6,0.1,99.9,0.0,0.0,44791,38871,627,3,4,27,284,28,45050,0,0,5920,38871,3,1,23,257,13.1,86.2,0.0,0.0,0.1,0.6
E09000008,CROYDON,159521,159479,23.3,73.1,15.1,0.0,0.0,0.2,3.6,0.4,97.1,0.0,0.0,153782,116646,24141,0,9,280,5697,642,154850,0,0,37136,116646,0,9,271,5417,23.3,73.1,0.0,0.0,0.2,3.4
E07000096,DACORUM,64749,64733,25.7,69.9,2.5,0.1,0.3,1.3,4.4,1.4,98.5,0.0,0.0,61880,45252,1614,69,222,810,2853,881,63780,0,0,16628,45252,69,153,588,2043,25.7,69.9,0.1,0.2,0.9,3.2
E06000005,DARLINGTON,50744,50731,9.7,84.7,1.5,0.6,1.4,2.6,5.6,2.7,95.9,18.5,3.8,47891,42964,746,292,695,1295,2840,1353,48655,9378,1931,4927,42964,292,403,600,1545,9.7,84.7,0.6,0.8,1.2,3.0
E07000107,DARTFORD,46122,46115,46.6,50.2,11.7,0.2,0.5,0.7,3.2,0.9,99.1,0.0,0.0,44632,23133,5383,115,222,318,1483,426,45693,0,0,21499,23133,115,107,96,1165,46.6,50.2,0.2,0.2,0.2,2.5
E07000151,DAVENTRY,35699,35685,69.0,25.2,20.3,0.5,1.1,1.8,5.8,2.0,98.3,0.0,0.0,33605,8987,7253,163,384,660,2080,712,35107,0,0,24618,8987,163,221,276,1420,69.0,25.2,0.5,0.6,0.8,4.0
W06000004,DENBIGHSHIRE,45690,45586,84.6,5.7,5.7,0.8,1.9,4.0,9.4,4.6,95.4,47.7,2.6,41269,2624,2624,348,857,1847,4317,2110,43568,21775,1171,38645,2624,348,509,990,2470,84.6,5.7,0.8,1.1,2.2,5.4
E06000015,DERBY,110758,110730,11.4,87.8,1.2,0.0,0.0,0.1,0.7,0.1,99.6,0.0,0.0,109933,97258,1282,1,4,56,797,97,110330,0,0,12675,97258,1,3,52,741,11.4,87.8,0.0,0.0,0.0,0.7
E07000035,DERBYSHIRE DALES,33475,33461,79.9,5.5,5.5,0.6,2.6,6.1,14.6,6.5,94.7,0.0,0.0,28589,1829,1829,214,877,2028,4872,2178,31698,0,0,26760,1829,214,663,1151,2844,79.9,5.5,0.6,2.0,3.4,8.5
N09000005,DERRY CITY AND STRABANE,58700,58561,20.1,70.3,21.7,2.2,3.7,5.1,9.3,5.3,98.9,0.0,0.0,53102,41285,12711,1298,2194,2979,5459,3140,58025,0,0,11817,41285,1298,896,785,2480,20.1,70.3,2.2,1.5,1.3,4.2
E08000017,DONCASTER,137251,137238,54.6,42.2,7.5,0.1,0.4,0.6,3.2,0.7,99.2,14.3,13.6,132867,57873,10359,115,497,818,4371,915,136113,19629,18599,74994,57873,115,382,321,3553,54.6,42.2,0.1,0.3,0.2,2.6
E06000059,DORSET,175035,174940,85.4,5.8,3.3,0.3,1.1,2.1,8.8,2.2,98.5,7.7,7.7,159620,10174,5733,563,1945,3689,15320,3883,172384,13515,13515,149446,10174,563,1382,1744,11631,85.4,5.8,0.3,0.8,1.0,6.6
E07000108,DOVER,52340,52324,63.4,29.3,1.8,0.5,1.0,1.9,7.3,2.0,98.5,0.0,0.0,48497,15333,947,266,506,975,3827,1038,51567,0,0,33164,15333,266,240,469,2852,63.4,29.3,0.5,0.5,0.9,5.4
E08000027,DUDLEY,137970,137879,15.9,83.5,0.5,0.0,0.0,0.0,0.5,0.1,99.7,0.3,0.0,137132,115144,631,0,10,46,747,142,137599,379,0,21988,115144,0,10,36,701,15.9,83.5,0.0,0.0,0.0,0.5
S12000006,DUMFRIES AND GALLOWAY,73926,73657,80.8,4.2,4.2,1.8,4.3,7.6,14.7,8.1,96.2,0.0,0.0,62776,3072,3072,1343,3199,5588,10881,5982,71138,0,0,59704,3072,1343,1856,2389,5293,80.8,4.2,1.8,2.5,3.2,7.2
S12000042,DUNDEE CITY,74477,74471,12.6,86.2,0.6,0.0,0.0,0.2,1.2,0.3,99.4,0.0,0.0,73565,64193,475,1,9,155,906,189,74011,0,0,9372,64193,1,8,146,751,12.6,86.2,0.0,0.0,0.2,1.0
E09000009,EALING,136624,136580,32.0,66.6,8.1,0.0,0.0,0.3,1.3,0.6,98.7,0.0,0.0,134736,91040,11111,0,28,458,1844,809,134816,0,0,43696,91040,0,28,430,1386,32.0,66.6,0.0,0.0,0.3,1.0
S12000008,EAST AYRSHIRE,55136,55113,59.3,36.0,4.8,0.4,1.0,2.2,4.6,2.4,98.1,0.0,0.0,52556,19847,2657,246,568,1239,2557,1308,54072,0,0,32709,19847,246,322,671,1318,59.3,36.0,0.4,0.6,1.2,2.4
E07000009,EAST CAMBRIDGESHIRE,37369,37335,64.0,29.7,3.0,0.5,1.1,2.2,6.2,2.3,98.9,30.5,26.2,35010,11099,1119,193,429,815,2325,878,36964,11392,9773,23911,11099,193,236,386,1510,64.0,29.7,0.5,0.6,1.0,4.0
E07000040,EAST DEVON,68592,68565,78.8,8.2,5.2,0.5,2.5,5.1,12.9,5.6,95.6,19.3,0.5,59689,5641,3582,366,1711,3526,8876,3853,65544,13213,369,54048,5641,366,1345,1815,5350,78.8,8.2,0.5,2.0,2.6,7.8
S12000045,EAST DUNBARTONSHIRE,46674,46660,21.0,75.4,2.3,0.1,0.2,0.5,3.6,0.5,98.6,0.0,0.0,44994,35208,1089,30,71,215,1666,244,46010,0,0,9786,35208,30,41,144,1451,21.0,75.4,0.1,0.1,0.3,3.1
E07000085,EAST HAMPSHIRE,53203,53020,59.3,31.9,5.0,0.2,0.8,1.7,8.4,2.3,97.3,0.0,0.0,48554,16988,2637,129,407,919,4466,1213,51769,0,0,31566,16988,129,278,512,3547,59.3,31.9,0.2,0.5,1.0,6.7
E07000242,EAST HERTFORDSHIRE,61660,61647,32.0,61.8,3.8,0.2,0.7,1.4,6.2,1.6,97.0,0.0,0.0,57813,38109,2327,96,418,865,3834,987,59811,0,0,19704,38109,96,322,447,2969,32.0,61.8,0.2,0.5,0.7,4.8
E07000137,EAST LINDSEY,66972,66812,72.9,13.3,2.3,1.2,3.4,6.1,13.6,6.4,97.3,11.2,5.2,57700,8887,1551,796,2280,4093,9112,4309,65140,7525,3510,48813,8887,796,1484,1813,5019,72.9,13.3,1.2,2.2,2.7,7.5
S12000010,EAST LOTHIAN,46642,46598,83.5,8.5,8.5,0.4,1.4,2.4,7.9,2.6,97.6,27.3,26.8,42921,3957,3958,178,664,1099,3677,1228,45542,12741,12523,38964,3957,178,486,435,2578,83.5,8.5,0.4,1.0,0.9,5.5
E07000152,EAST NORTHAMPTONSHIRE,40522,40513,41.5,56.0,9.8,0.1,0.3,0.4,2.5,0.5,99.0,0.0,0.0,39498,22683,3957,21,122,180,1015,195,40126,1,0,16815,22683,21,101,58,835,41.5,56.0,0.1,0.2,0.1,2.1
S12000011,EAST RENFREWSHIRE,39243,39242,26.7,68.7,1.7,0.2,0.4,0.7,4.5,0.9,98.6,0.0,0.0,37464,26971,657,85,143,264,1778,356,38680,0,0,10493,26971,85,58,121,1514,26.7,68.7,0.2,0.1,0.3,3.9
E06000011,EAST RIDING OF YORKSHIRE,155055,154734,53.2,41.4,40.6,0.4,0.9,1.5,5.2,1.8,97.8,32.1,24.9,146699,64212,62970,681,1407,2357,8035,2862,151571,49809,38683,82487,64212,681,726,950,5678,53.2,41.4,0.4,0.5,0.6,3.7
E07000193,EAST STAFFORDSHIRE,51382,51326,69.7,24.3,20.1,0.3,0.8,1.6,5.9,1.8,98.9,0.0,0.0,48282,12492,10335,137,406,837,3044,920,50803,0,0,35790,12492,137,269,431,2207,69.7,24.3,0.3,0.5,0.8,4.3
E07000244,EAST SUFFOLK,115991,115891,81.8,11.1,4.2,0.3,0.9,1.8,7.0,2.2,98.2,0.0,0.0,107778,12894,4906,367,1054,2134,8113,2515,113897,0,0,94884,12894,367,687,1080,5979,81.8,11.1,0.3,0.6,0.9,5.2
E07000061,EASTBOURNE,47742,47740,98.0,0.9,0.9,0.0,0.0,0.0,1.1,0.0,99.7,0.0,0.0,47227,441,441,0,2,17,513,19,47591,0,0,46786,441,0,2,15,496,98.0,0.9,0.0,0.0,0.0,1.0
E07000086,EASTLEIGH,56899,56866,40.2,56.6,4.0,0.0,0.0,0.1,3.1,0.2,98.8,0.0,0.0,55122,32221,2291,0,17,76,1744,110,56203,0,0,22901,32221,0,17,59,1668,40.2,56.6,0.0,0.0,0.1,2.9
E07000030,EDEN,25981,25875,78.5,3.6,3.6,3.0,6.0,9.2,17.5,9.8,94.7,4.9,4.3,21325,924,924,779,1549,2380,4550,2555,24616,1277,1119,20401,924,779,770,831,2170,78.5,3.6,3.0,3.0,3.2,8.4
E07000207,ELMBRIDGE,57032,57004,22.6,76.1,2.8,0.0,0.0,0.0,1.2,0.1,99.9,0.0,0.0,56311,43403,1591,7,20,26,693,57,56973,0,0,12908,43403,7,13,6,667,22.6,76.1,0.0,0.0,0.0,1.2
E09000010,ENFIELD,124050,123921,19.4,79.2,2.2,0.0,0.0,0.2,1.3,0.3,99.0,0.0,0.0,122356,98292,2701,19,26,232,1565,429,122753,0,0,24064,98292,19,7,206,1333,19.4,79.2,0.0,0.0,0.2,1.1
E07000072,EPPING FOREST,56798,56712,17.9,75.7,7.6,0.1,0.8,1.6,6.2,1.9,96.1,0.0,0.0,53168,42991,4306,75,431,898,3544,1071,54597,0,0,10177,42991,75,356,467,2646,17.9,75.7,0.1,0.6,0.8,4.7
E07000208,EPSOM AND EWELL,31843,31841,19.0,80.3,3.0,0.0,0.1,0.1,0.7,0.2,99.5,0.0,0.0,31615,25580,966,0,45,47,226,49,31684,0,0,6035,25580,0,45,2,179,19.0,80.3,0.0,0.1,0.0,0.6
E07000036,EREWASH,52067,52042,22.6,75.7,0.6,0.1,0.2,0.3,1.7,0.3,99.8,0.0,0.0,51154,39395,305,64,93,152,888,178,51940,0,0,11759,39395,64,29,59,736,22.6,75.7,0.1,0.1,0.1,1.4
E07000041,EXETER,53786,53755,14.3,81.3,35.6,0.0,0.1,1.6,4.3,2.2,96.4,46.2,13.0,51429,43735,19139,12,74,881,2326,1167,51876,24828,6968,7694,43735,12,62,807,1445,14.3,81.3,0.0,0.1,1.5,2.7
S12000014,FALKIRK,71083,71069,17.9,79.5,1.0,0.1,0.4,0.9,2.7,1.0,98.9,0.0,0.0,69177,56486,688,58,295,609,1892,686,70318,0,0,12691,56486,58,237,314,1283,17.9,79.5,0.1,0.3,0.4,1.8
E07000087,FAREHAM,49894,49879,18.9,79.7,2.2,0.0,0.1,0.3,1.4,0.3,99.6,0.0,0.0,49163,39749,1093,7,39,147,716,162,49711,0,0,9414,39749,7,32,108,569,18.9,79.7,0.0,0.1,0.2,1.1
E07000010,FENLAND,44957,44943,36.5,57.4,27.2,0.5,1.2,2.0,6.1,2.1,98.6,6.0,0.8,42197,25794,12232,242,558,909,2746,945,44317,2677,347,16403,25794,242,316,351,1837,36.5,57.4,0.5,0.7,0.8,4.1
N09000006,FERMANAGH AND OMAGH,46114,45517,53.9,13.9,13.9,8.3,14.2,19.7,30.9,21.0,97.5,41.4,9.7,31268,6421,6421,3825,6564,9078,14249,9697,44958,19076,4451,24847,6421,3825,2739,2514,5171,53.9,13.9,8.3,5.9,5.5,11.2
S12000047,FIFE,178118,178007,50.8,44.4,16.0,0.2,0.7,1.7,4.7,1.8,98.9,0.0,0.0,169609,79125,28558,345,1276,2963,8398,3188,176074,0,0,90484,79125,345,931,1687,5435,50.8,44.4,0.2,0.5,0.9,3.1
W06000005,FLINTSHIRE,68993,68970,80.0,13.1,8.6,0.3,1.0,2.1,6.9,2.2,98.1,32.6,9.5,64233,9026,5962,221,662,1449,4737,1516,67662,22466,6564,55207,9026,221,441,787,3288,80.0,13.1,0.3,0.6,1.1,4.8
E07000112,FOLKESTONE AND HYTHE,51098,51076,54.5,38.9,1.9,0.4,1.0,2.2,6.5,2.4,98.1,0.0,0.0,47737,19873,985,197,532,1133,3339,1203,50143,0,0,27864,19873,197,335,601,2206,54.5,38.9,0.4,0.7,1.2,4.3
E07000080,FOREST OF DEAN,38480,38460,65.8,12.1,10.4,0.7,3.5,8.4,22.0,9.8,88.1,12.9,5.4,29987,4671,3993,266,1337,3236,8473,3752,33890,4955,2066,25316,4671,266,1071,1899,5237,65.8,12.1,0.7,2.8,4.9,13.6
E07000119,FYLDE,34619,34413,61.0,30.7,3.1,0.0,0.7,1.2,7.7,1.8,97.2,7.7,3.4,31747,10640,1060,14,256,410,2666,639,33635,2680,1169,21107,10640,14,242,154,2256,61.0,30.7,0.0,0.7,0.4,6.5
E08000037,GATESHEAD,94077,93983,29.8,66.6,3.6,0.0,0.2,0.7,3.4,1.0,98.1,0.0,0.0,90750,62702,3420,35,202,679,3233,905,92333,1,0,28048,62702,35,167,477,2554,29.8,66.6,0.0,0.2,0.5,2.7
E07000173,GEDLING,52332,52329,10.9,88.3,28.0,0.0,0.2,0.2,0.8,0.2,99.9,0.0,0.0,51908,46226,14672,16,102,120,421,124,52259,0,0,5682,46226,16,86,18,301,10.9,88.3,0.0,0.2,0.0,0.6
S12000049,GLASGOW CITY,163294,163071,41.0,56.3,8.7,0.0,0.1,0.4,2.6,0.6,98.0,0.0,0.0,158869,91885,14134,40,158,664,4202,1013,159950,0,0,66984,91885,40,118,506,3538,41.0,56.3,0.0,0.1,0.3,2.2
E07000081,GLOUCESTER,56267,56264,15.1,82.7,1.3,0.0,0.1,0.5,2.3,1.0,98.2,49.8,1.8,54989,46513,716,0,30,295,1275,586,55278,28033,1022,8476,46513,0,30,265,980,15.1,82.7,0.0,0.1,0.5,1.7
E07000088,GOSPORT,37113,37101,22.5,77.4,0.4,0.0,0.0,0.0,0.1,0.0,100.0,0.0,0.0,37055,28714,158,0,6,6,46,18,37095,0,0,8341,28714,0,6,0,40,22.5,77.4,0.0,0.0,0.0,0.1
E07000109,GRAVESHAM,43017,43016,30.0,66.0,6.0,0.0,0.4,0.7,4.1,0.7,98.8,0.0,0.0,41265,28376,2570,15,183,311,1751,312,42493,0,0,12889,28376,15,168,128,1440,30.0,66.0,0.0,0.4,0.3,3.3
E07000145,GREAT YARMOUTH,45276,45252,44.5,51.9,2.3,0.0,0.2,0.5,3.5,0.6,99.2,0.0,0.0,43655,23507,1034,15,111,225,1597,281,44916,0,0,20148,23507,15,96,114,1372,44.5,51.9,0.0,0.2,0.3,3.0
E09000011,GREENWICH,118988,118972,21.9,76.7,12.1,0.0,0.1,0.4,1.4,0.4,98.9,0.0,0.0,117338,91268,14437,0,60,431,1634,524,117672,0,0,26070,91268,0,60,371,1203,21.9,76.7,0.0,0.1,0.3,1.0
E07000209,GUILDFORD,54991,54990,30.4,66.0,2.3,0.0,0.1,0.5,3.6,0.5,99.5,0.0,0.0,53008,36307,1282,13,71,276,1982,279,54732,0,0,16701,36307,13,58,205,1706,30.4,66.0,0.0,0.1,0.4,3.1
W06000002,GWYNEDD,61235,61087,72.6,15.7,15.0,1.3,3.1,5.2,11.5,5.6,95.1,12.1,4.3,54064,9622,9163,803,1882,3200,7023,3439,58249,7430,2655,44442,9622,803,1079,1318,3823,72.6,15.7,1.3,1.8,2.2,6.2
E09000012,HACKNEY,112526,112496,27.7,70.2,10.2,0.0,0.0,0.2,2.0,0.2,98.0,0.0,0.0,110240,79037,11441,0,0,193,2256,237,110258,0,0,31203,79037,0,0,193,2063,27.7,70.2,0.0,0.0,0.2,1.8
E06000006,HALTON,58354,58346,32.7,65.2,1.4,0.0,0.1,0.3,2.1,0.3,99.7,0.0,0.0,57123,38067,820,1,44,161,1223,179,58167,8,0,19056,38067,1,43,117,1062,32.7,65.2,0.0,0.1,0.2,1.8
E07000164,HAMBLETON,40931,40883,83.2,4.0,4.0,1.6,4.1,6.8,12.7,7.2,97.6,41.6,25.3,35690,1650,1636,648,1682,2767,5193,2943,39967,17015,10361,34040,1650,648,1034,1085,2426,83.2,4.0,1.6,2.5,2.7,5.9
E09000013,HAMMERSMITH AND FULHAM,84963,84783,42.1,52.5,15.8,0.0,0.0,0.1,5.2,0.3,94.6,0.0,0.0,80342,44565,13442,0,0,74,4441,254,80350,0,0,35777,44565,0,0,74,4367,42.1,52.5,0.0,0.0,0.1,5.1
E07000131,HARBOROUGH,39584,39566,61.1,33.9,11.8,0.2,0.6,1.3,5.0,1.4,98.7,0.0,0.0,37602,13422,4688,96,226,518,1964,552,39088,0,0,24180,13422,96,130,292,1446,61.1,33.9,0.2,0.3,0.7,3.7
E09000014,HARINGEY,102915,102889,15.7,82.8,2.2,0.0,0.1,0.3,1.5,0.5,98.6,0.0,0.0,101310,85201,2253,0,72,310,1579,481,101433,0,0,16109,85201,0,72,238,1269,15.7,82.8,0.0,0.1,0.2,1.2
E07000073,HARLOW,40175,40173,11.7,86.2,1.6,0.0,0.0,0.1,2.1,0.2,98.1,0.0,0.0,39330,34637,641,1,8,33,843,66,39408,0,0,4693,34637,1,7,25,810,11.7,86.2,0.0,0.0,0.1,2.0
E07000165,HARROGATE,71244,71208,38.2,52.8,3.3,0.9,2.4,3.6,9.0,3.8,97.8,12.8,5.8,64803,37593,2380,640,1744,2581,6405,2704,69650,9121,4107,27210,37593,640,1104,837,3824,38.2,52.8,0.9,1.5,1.2,5.4
E09000015,HARROW,92629,92613,21.0,76.8,10.1,0.0,0.0,0.4,2.1,0.6,97.9,0.0,0.0,90634,71141,9349,14,44,390,1979,531,90716,0,0,19493,71141,14,30,346,1589,21.0,76.8,0.0,0.0,0.4,1.7
E07000089,HART,42094,41888,35.0,59.3,5.3,0.0,0.9,1.4,5.2,1.9,98.1,0.0,0.0,39697,24976,2232,20,384,575,2191,796,41310,0,0,14721,24976,20,364,191,1616,35.0,59.3,0.0,0.9,0.5,3.8
E06000001,HARTLEPOOL,44390,44365,12.0,85.6,0.3,0.2,0.4,0.9,2.3,1.0,98.2,1.3,0.0,43362,38019,132,94,183,388,1003,427,43596,597,4,5343,38019,94,89,205,615,12.0,85.6,0.2,0.2,0.5,1.4
E07000062,HASTINGS,43314,43305,96.9,0.8,0.8,0.0,0.0,0.0,2.2,0.0,100.0,0.0,0.0,42349,359,359,0,4,7,956,16,43304,0,0,41990,359,0,4,3,949,96.9,0.8,0.0,0.0,0.0,2.2
E07000090,HAVANT,55095,55036,14.0,85.3,0.8,0.0,0.0,0.1,0.6,0.2,99.6,0.0,0.0,54692,46990,440,1,5,75,344,134,54894,0,0,7702,46990,1,4,70,269,14.0,85.3,0.0,0.0,0.1,0.5
E09000016,HAVERING,106466,105865,15.7,81.6,2.8,0.0,0.1,0.3,2.2,1.0,98.0,0.0,0.0,103523,86835,2970,49,118,337,2342,1023,104310,0,0,16688,86835,49,69,219,2005,15.7,81.6,0.0,0.1,0.2,1.9
E06000019,"HEREFORDSHIRE, COUNTY OF",82544,82459,71.1,15.4,13.5,1.0,3.1,5.5,13.4,5.8,95.3,18.7,6.2,71384,12692,11119,826,2583,4564,11075,4819,78659,15416,5081,58692,12692,826,1757,1981,6511,71.1,15.4,1.0,2.1,2.4,7.9
E07000098,HERTSMERE,43961,43957,20.6,77.4,2.7,0.0,0.2,0.3,2.0,0.3,99.1,0.0,0.0,43074,34013,1202,4,72,134,883,146,43564,0,0,9061,34013,4,68,62,749,20.6,77.4,0.0,0.2,0.1,1.7
E07000037,HIGH PEAK,42448,42389,86.4,3.8,2.6,0.7,1.9,2.9,9.6,3.1,98.4,0.0,0.0,38322,1634,1097,305,801,1247,4067,1336,41787,0,0,36688,1634,305,496,446,2820,86.4,3.8,0.7,1.2,1.1,6.6
S12000017,HIGHLAND,105020,103416,78.3,1.6,1.6,2.2,4.5,8.1,18.6,9.9,93.7,8.7,1.8,83876,1663,1663,2317,4729,8541,19540,10384,98353,9135,1842,82213,1663,2317,2412,3812,10999,78.3,1.6,2.2,2.3,3.6,10.5
E09000017,HILLINGDON,113394,112748,12.4,84.2,3.7,0.0,0.1,0.5,2.9,1.4,96.9,0.0,0.0,109511,95472,4155,17,154,614,3237,1625,109922,0,0,14039,95472,17,137,460,2623,12.4,84.2,0.0,0.1,0.4,2.3
E07000132,HINCKLEY AND BOSWORTH,51231,50818,36.0,59.4,4.3,0.0,0.9,1.5,3.7,2.4,97.6,0.0,0.0,48910,30448,2197,24,444,765,1908,1234,49991,0,0,18462,30448,24,420,321,1143,36.0,59.4,0.0,0.8,0.6,2.2
E07000227,HORSHAM,62143,62118,76.8,16.0,8.4,0.3,0.9,1.7,7.2,1.8,98.7,0.0,0.0,57639,9926,5235,172,567,1045,4479,1104,61363,0,0,47713,9926,172,395,478,3434,76.8,16.0,0.3,0.6,0.8,5.5
E09000018,HOUNSLOW,92970,92842,12.8,85.6,8.1,0.0,0.1,0.1,1.4,0.3,98.6,0.0,0.0,91565,79619,7559,0,59,122,1277,284,91646,0,0,11946,79619,0,59,63,1155,12.8,85.6,0.0,0.1,0.1,1.2
E07000011,HUNTINGDONSHIRE,77425,77082,44.1,51.6,4.0,0.2,0.8,1.4,3.9,1.9,98.9,0.4,0.0,74029,39920,3127,193,605,1067,3053,1472,76587,293,0,34109,39920,193,412,462,1986,44.1,51.6,0.2,0.5,0.6,2.6
E07000120,HYNDBURN,37293,37275,39.3,59.0,0.6,0.0,0.1,0.2,1.7,0.2,99.8,45.1,23.9,36650,21987,229,10,35,73,625,91,37212,16808,8898,14663,21987,10,25,38,552,39.3,59.0,0.0,0.1,0.1,1.5
S12000018,INVERCLYDE,39694,39690,24.0,73.5,9.0,0.1,0.3,0.5,2.4,0.6,99.0,0.0,0.0,38722,29191,3567,36,106,214,968,224,39280,0,0,9531,29191,36,70,108,754,24.0,73.5,0.1,0.2,0.3,1.9
E07000202,IPSWICH,61204,61192,18.9,80.1,1.5,0.0,0.0,0.2,1.0,0.2,99.2,0.0,0.0,60608,49054,905,0,25,100,584,112,60726,0,0,11554,49054,0,25,75,484,18.9,80.1,0.0,0.0,0.1,0.8
W06000001,ISLE OF ANGLESEY,34257,34161,73.3,16.1,16.1,0.7,2.0,3.4,10.3,3.8,96.6,23.0,7.0,30626,5517,5517,236,672,1166,3535,1310,33095,7880,2400,25109,5517,236,436,494,2369,73.3,16.1,0.7,1.3,1.4,6.9
E06000046,ISLE OF WIGHT,71731,71607,93.6,0.9,18.7,0.3,0.6,1.1,5.4,1.3,99.6,0.0,0.0,67754,611,13414,184,433,779,3853,903,71463,0,0,67143,611,184,249,346,3074,93.6,0.9,0.3,0.3,0.5,4.3
E06000053,ISLES OF SCILLY,1210,1209,93.6,0.0,0.0,0.0,0.0,0.3,6.4,0.4,99.9,0.0,0.0,1132,0,0,0,0,4,77,5,1209,0,0,1132,0,0,0,4,73,93.6,0.0,0.0,0.0,0.3,6.0
E09000019,ISLINGTON,109433,109416,18.3,76.8,7.9,0.0,0.0,0.0,4.8,0.2,95.2,0.0,0.0,104122,84064,8690,0,0,5,5294,209,104143,0,0,20058,84064,0,0,5,5289,18.3,76.8,0.0,0.0,0.0,4.8
E09000020,KENSINGTON AND CHELSEA,91563,91550,15.2,80.3,5.0,0.0,0.0,0.0,4.4,0.1,95.6,0.0,0.0,87501,73565,4609,0,0,38,4049,105,87502,0,0,13936,73565,0,0,38,4011,15.2,80.3,0.0,0.0,0.0,4.4
E07000153,KETTERING,45667,45344,43.2,53.2,5.5,0.1,0.4,0.9,2.9,1.6,97.1,0.1,0.0,44026,24287,2516,35,187,389,1318,751,44345,34,0,19739,24287,35,152,202,929,43.2,53.2,0.1,0.3,0.4,2.0
E07000146,"KING'S LYNN AND WEST NORFOLK",73784,73624,85.5,5.2,2.4,0.5,1.4,2.8,9.1,3.2,98.0,3.1,0.4,66928,3844,1775,350,1016,2088,6696,2338,72279,2253,310,63084,3844,350,666,1072,4608,85.5,5.2,0.5,0.9,1.5,6.2
E06000010,"KINGSTON UPON HULL, CITY OF",119967,119447,1.1,97.7,97.7,0.0,0.0,0.1,0.7,0.6,98.9,20.7,11.6,118613,117243,117243,1,9,173,834,761,118613,24835,13909,1370,117243,1,8,164,661,1.1,97.7,0.0,0.0,0.1,0.6
E09000021,KINGSTON UPON THAMES,66519,66509,10.0,87.9,1.9,0.0,0.1,0.2,2.1,0.3,98.7,0.0,0.0,65123,58502,1269,9,37,100,1386,204,65672,0,0,6621,58502,9,28,63,1286,10.0,87.9,0.0,0.0,0.1,1.9
E08000034,KIRKLEES,183806,183788,32.3,64.5,9.1,0.0,0.3,0.7,3.2,0.8,98.9,0.1,0.0,177970,118626,16790,72,460,1199,5818,1455,181735,161,0,59344,118626,72,388,739,4619,32.3,64.5,0.0,0.2,0.4,2.5
E08000011,KNOWSLEY,68710,68709,25.4,73.7,3.6,0.0,0.2,0.2,0.9,0.2,99.8,3.2,0.0,68081,50633,2490,8,109,162,628,167,68578,2214,0,17448,50633,8,101,53,466,25.4,73.7,0.0,0.1,0.1,0.7
E09000022,LAMBETH,147281,147138,27.7,67.4,8.9,0.0,0.0,0.0,4.9,0.1,95.3,0.0,0.0,139988,99194,13105,0,0,1,7150,167,140288,0,0,40794,99194,0,0,1,7149,27.7,67.4,0.0,0.0,0.0,4.9
E07000121,LANCASTER,63639,63631,49.5,48.7,10.5,0.2,0.3,0.6,1.8,0.6,99.8,0.5,0.0,62476,30970,6678,133,198,363,1155,392,63511,339,10,31506,30970,133,65,165,792,49.5,48.7,0.2,0.1,0.3,1.2
E08000035,LEEDS,349382,349334,18.4,78.8,28.2,0.0,0.2,0.4,2.7,0.5,98.3,4.8,0.6,339834,275450,98555,162,794,1381,9500,1590,343308,16870,2128,64384,275450,162,632,587,8119,18.4,78.8,0.0,0.2,0.2,2.3
E06000016,LEICESTER,132295,132289,14.0,85.4,2.8,0.0,0.0,0.2,0.7,0.2,99.5,0.0,0.0,131421,112955,3757,0,1,199,868,292,131633,0,0,18466,112955,0,1,198,669,14.0,85.4,0.0,0.0,0.1,0.5
E07000063,LEWES,44306,44300,77.6,18.7,18.7,0.1,0.3,0.5,3.7,0.6,99.9,0.0,0.0,42669,8296,8291,46,126,241,1631,248,44243,0,0,34373,8296,46,80,115,1390,77.6,18.7,0.1,0.2,0.3,3.1
E09000023,LEWISHAM,131831,131805,31.1,65.2,13.9,0.0,0.0,0.2,3.7,0.3,96.5,0.0,0.0,126870,85922,18374,0,0,234,4935,438,127152,0,0,40948,85922,0,0,234,4701,31.1,65.2,0.0,0.0,0.2,3.6
E07000194,LICHFIELD,45560,45549,31.0,65.2,4.9,0.3,0.5,1.1,3.7,1.1,99.7,0.0,0.0,43850,29720,2221,138,245,498,1699,517,45425,0,0,14130,29720,138,107,253,1201,31.0,65.2,0.3,0.2,0.6,2.6
E07000138,LINCOLN,45095,45063,15.6,83.4,0.5,0.0,0.1,0.4,1.0,0.5,99.1,24.2,21.1,44628,37595,203,14,23,171,435,203,44699,10917,9502,7033,37595,14,9,148,264,15.6,83.4,0.0,0.0,0.3,0.6
N09000007,LISBURN AND CASTLEREAGH,57138,57037,28.3,64.7,27.5,0.4,1.4,2.4,6.8,2.6,99.1,0.0,0.0,53153,36979,15696,207,785,1357,3884,1500,56603,0,0,16174,36979,207,578,572,2527,28.3,64.7,0.4,1.0,1.0,4.4
E08000012,LIVERPOOL,224682,224601,20.1,75.9,25.9,0.0,0.0,0.2,3.9,0.4,96.4,0.1,0.0,215857,170591,58100,2,36,433,8744,811,216514,119,0,45266,170591,2,34,397,8311,20.1,75.9,0.0,0.0,0.2,3.7
E06000032,LUTON,82659,82652,7.9,91.6,1.6,0.0,0.0,0.0,0.5,0.0,99.6,0.0,0.0,82265,75743,1282,0,17,25,387,32,82317,0,0,6522,75743,0,17,8,362,7.9,91.6,0.0,0.0,0.0,0.4
E07000110,MAIDSTONE,72051,72021,42.5,49.9,4.8,0.4,1.5,2.7,7.6,2.8,98.0,0.0,0.0,66579,35981,3444,300,1070,1950,5442,2012,70595,0,0,30598,35981,300,770,880,3492,42.5,49.9,0.4,1.1,1.2,4.8
E07000074,MALDON,27728,27686,85.0,6.0,6.0,0.3,1.1,2.4,8.9,2.6,98.9,0.0,0.0,25232,1651,1651,89,317,654,2454,721,27415,0,0,23581,1651,89,228,337,1800,85.0,6.0,0.3,0.8,1.2,6.5
E07000235,MALVERN HILLS,35625,35599,76.3,9.1,5.2,0.7,3.0,6.1,14.5,6.5,96.2,33.3,15.2,30433,3235,1867,262,1061,2160,5166,2304,34258,11851,5399,27198,3235,262,799,1099,3006,76.3,9.1,0.7,2.2,3.1,8.4
E08000003,MANCHESTER,228586,228573,31.2,64.4,13.8,0.1,0.1,1.0,4.5,1.3,96.1,2.1,0.6,218398,147130,31521,135,330,2203,10175,2879,219598,4712,1328,71268,147130,135,195,1873,7972,31.2,64.4,0.1,0.1,0.8,3.5
E07000174,MANSFIELD,49319,49318,18.6,80.5,0.7,0.0,0.0,0.0,0.9,0.1,99.9,0.0,0.0,48898,39726,325,0,15,23,420,27,49288,0,0,9172,39726,0,15,8,397,18.6,80.5,0.0,0.0,0.0,0.8
E06000035,MEDWAY,114653,114628,19.2,78.5,0.7,0.0,0.2,0.5,2.2,0.5,99.3,0.0,0.0,112079,90059,779,27,235,573,2549,617,113859,0,0,22020,90059,27,208,338,1976,19.2,78.5,0.0,0.2,0.3,1.7
E07000133,MELTON,22874,22831,46.3,47.8,1.3,0.7,1.8,2.9,5.7,3.3,97.4,2.3,1.4,21519,10925,301,170,402,658,1312,757,22274,537,310,10594,10925,170,232,256,654,46.3,47.8,0.7,1.0,1.1,2.9
E07000187,MENDIP,51938,51911,58.1,26.3,3.5,0.7,2.6,5.9,15.6,6.4,94.1,0.2,0.2,43820,13666,1804,342,1357,3076,8091,3309,48893,111,111,30154,13666,342,1015,1719,5015,58.1,26.3,0.7,2.0,3.3,9.7
W06000024,MERTHYR TYDFIL,27204,27190,94.8,2.1,2.1,0.1,0.2,0.3,3.1,0.4,99.9,17.7,7.5,26353,574,574,36,67,91,837,105,27165,4821,2043,25779,574,36,31,24,746,94.8,2.1,0.1,0.1,0.1,2.7
E09000024,MERTON,84949,84945,14.0,84.8,8.8,0.0,0.0,0.1,1.2,0.3,98.8,0.0,0.0,83941,72044,7473,0,28,61,1004,252,83970,0,0,11897,72044,0,28,33,943,14.0,84.8,0.0,0.0,0.0,1.1
N09000008,MID AND EAST ANTRIM,57677,57427,53.6,35.7,35.7,1.9,3.5,4.9,10.3,5.4,98.5,0.0,0.0,51479,20573,20572,1105,2047,2847,5948,3123,56812,0,0,30906,20573,1105,942,800,3101,53.6,35.7,1.9,1.6,1.4,5.4
E07000042,MID DEVON,34785,34701,73.7,3.8,3.8,1.9,5.7,10.5,22.2,11.1,91.7,7.9,3.9,26975,1325,1323,644,1992,3660,7726,3872,31885,2759,1340,25650,1325,644,1348,1668,4066,73.7,3.8,1.9,3.9,4.8,11.7
E07000203,MID SUFFOLK,45198,45175,80.4,8.7,7.9,0.6,1.5,2.9,10.9,3.0,98.1,0.0,0.0,40255,3910,3560,277,667,1327,4920,1370,44351,0,0,36345,3910,277,390,660,3593,80.4,8.7,0.6,0.9,1.5,7.9
E07000228,MID SUSSEX,65595,65543,79.1,15.7,13.3,0.1,0.3,0.8,5.1,0.9,99.8,0.0,0.0,62165,10293,8719,59,206,519,3378,574,65443,0,0,51872,10293,59,147,313,2859,79.1,15.7,0.1,0.2,0.5,4.4
N09000009,MID ULSTER,50373,49977,62.6,13.9,13.9,3.8,7.4,11.2,22.7,12.0,98.1,4.6,1.4,38527,7005,7005,1899,3730,5629,11450,6064,49409,2297,714,31522,7005,1899,1831,1899,5821,62.6,13.9,3.8,3.6,3.8,11.6
E06000002,MIDDLESBROUGH,63376,63348,7.6,89.8,0.9,0.1,0.5,0.7,2.5,0.9,97.7,0.9,0.0,61741,56894,575,68,339,433,1607,561,61905,569,23,4847,56894,68,271,94,1174,7.6,89.8,0.1,0.4,0.1,1.9
S12000019,MIDLOTHIAN,38883,38681,66.9,25.7,25.7,0.6,1.4,2.7,6.9,3.2,97.5,3.8,3.8,35984,9987,9987,236,559,1049,2697,1256,37895,1480,1480,25997,9987,236,323,490,1648,66.9,25.7,0.6,0.8,1.3,4.2
E06000042,MILTON KEYNES,114029,114019,49.6,47.7,44.3,0.1,0.4,0.6,2.6,0.7,99.4,0.0,0.0,111012,54404,50524,82,454,735,3007,760,113351,0,0,56608,54404,82,372,281,2272,49.6,47.7,0.1,0.3,0.2,2.0
E07000210,MOLE VALLEY,37133,37124,38.2,56.9,5.8,0.1,0.3,0.7,4.9,0.8,99.6,0.0,0.0,35303,21113,2159,21,94,265,1821,281,36990,0,0,14190,21113,21,73,171,1556,38.2,56.9,0.1,0.2,0.5,4.2
W06000021,MONMOUTHSHIRE,41774,41583,73.0,12.8,6.9,1.3,3.1,5.6,13.8,6.2,96.2,0.8,0.0,35830,5352,2870,529,1283,2326,5753,2584,40198,330,0,30478,5352,529,754,1043,3427,73.0,12.8,1.3,1.8,2.5,8.2
S12000020,MORAY,45234,45012,82.9,1.0,1.0,1.6,4.5,7.0,15.6,7.8,95.5,0.0,0.0,37961,456,456,702,2016,3153,7051,3536,43180,0,0,37505,456,702,1314,1137,3898,82.9,1.0,1.6,2.9,2.5,8.6
S12000013,NA H-EILEANAN SIAR,15150,13835,69.3,2.7,2.7,2.8,4.8,6.7,19.4,15.6,86.4,0.0,0.0,10898,406,406,426,722,1010,2937,2360,13094,0,0,10492,406,426,296,288,1927,69.3,2.7,2.8,2.0,1.9,12.7
W06000012,NEATH PORT TALBOT,65211,65201,38.1,59.3,2.6,0.1,0.2,0.4,2.5,0.4,99.5,15.3,7.3,63560,38691,1684,67,136,229,1641,289,64901,9964,4763,24869,38691,67,69,93,1412,38.1,59.3,0.1,0.1,0.1,2.2
E07000091,NEW FOREST,81834,81786,71.6,20.8,9.3,0.6,1.1,1.9,7.5,2.0,98.9,0.0,0.0,75631,17037,7643,458,928,1547,6155,1644,80934,0,0,58594,17037,458,470,619,4608,71.6,20.8,0.6,0.6,0.8,5.6
E07000175,NEWARK AND SHERWOOD,54241,54193,43.3,52.5,9.9,0.3,0.9,1.3,4.1,1.3,98.8,0.0,0.0,51970,28480,5364,148,474,681,2223,732,53612,13,0,23490,28480,148,326,207,1542,43.3,52.5,0.3,0.6,0.4,2.8
E08000021,NEWCASTLE UPON TYNE,136666,136572,36.7,59.3,5.1,0.0,0.0,0.2,3.9,0.4,96.7,0.0,0.0,131187,81028,7037,8,65,324,5385,480,132116,0,0,50159,81028,8,57,259,5061,36.7,59.3,0.0,0.0,0.2,3.7
E07000195,NEWCASTLE-UNDER-LYME,56735,56724,35.8,61.0,10.0,0.0,0.3,0.6,3.2,0.7,99.3,1.8,0.4,54894,34605,5652,20,160,360,1830,386,56349,1037,226,20289,34605,20,140,200,1470,35.8,61.0,0.0,0.2,0.4,2.6
E09000025,NEWHAM,119630,119621,16.9,81.4,17.5,0.0,0.0,0.6,1.7,0.7,98.3,0.0,0.0,117619,97343,20943,1,42,664,2002,779,117631,0,0,20276,97343,1,41,622,1338,16.9,81.4,0.0,0.0,0.5,1.1
W06000022,NEWPORT,68083,68075,29.9,67.9,4.1,0.1,0.2,0.6,2.2,0.8,98.6,38.4,8.1,66550,46221,2762,35,163,414,1525,531,67147,26138,5547,20329,46221,35,128,251,1111,29.9,67.9,0.1,0.2,0.4,1.6
N09000010,"NEWRY, MOURNE AND DOWN",65345,64452,74.5,7.2,7.2,3.0,5.6,8.0,16.9,9.5,97.9,5.3,0.6,53380,4700,4700,1953,3653,5257,11072,6186,63984,3442,407,48680,4700,1953,1700,1604,5815,74.5,7.2,3.0,2.6,2.5,8.9
S12000021,NORTH AYRSHIRE,67870,67844,63.6,29.9,8.8,0.4,0.9,1.9,6.5,2.0,98.8,0.0,0.0,63431,20293,5993,280,599,1290,4413,1352,67056,0,0,43138,20293,280,319,691,3123,63.6,29.9,0.4,0.5,1.0,4.6
E07000043,NORTH DEVON,44886,44841,83.6,2.8,2.8,1.2,3.4,6.8,13.4,7.3,94.2,16.6,4.5,38817,1275,1275,550,1525,3046,6024,3274,42294,7435,1998,37542,1275,550,975,1521,2978,83.6,2.8,1.2,2.2,3.4,6.6
E07000038,NORTH EAST DERBYSHIRE,45925,45919,73.4,16.1,14.4,0.4,1.6,2.5,10.5,2.6,98.6,0.0,0.0,41105,7374,6600,167,755,1127,4814,1174,45275,0,0,33731,7374,167,588,372,3687,73.4,16.1,0.4,1.3,0.8,8.0
E06000012,NORTH EAST LINCOLNSHIRE,69070,69056,7.0,91.1,0.5,0.1,0.7,0.9,1.8,1.1,98.8,26.3,20.0,67791,62941,321,45,480,612,1265,743,68264,18173,13789,4850,62941,45,435,132,653,7.0,91.1,0.1,0.6,0.2,0.9
E07000099,NORTH HERTFORDSHIRE,57529,57507,24.6,71.0,1.4,0.1,0.5,1.2,4.4,1.3,98.1,0.0,0.0,54993,40841,788,65,280,718,2514,772,56436,0,0,14152,40841,65,215,438,1796,24.6,71.0,0.1,0.4,0.8,3.1
E07000139,NORTH KESTEVEN,50996,50981,59.5,34.1,2.7,0.7,1.5,2.3,6.3,2.4,98.1,4.9,3.0,47746,17386,1397,357,743,1174,3235,1204,50037,2481,1539,30360,17386,357,386,431,2061,59.5,34.1,0.7,0.8,0.8,4.0
S12000050,NORTH LANARKSHIRE,156584,156572,24.8,73.3,7.3,0.0,0.2,0.4,1.8,0.5,99.4,0.0,0.0,153735,114824,11429,77,374,668,2837,712,155696,0,0,38911,114824,77,297,294,2169,24.8,73.3,0.0,0.2,0.2,1.4
E06000013,NORTH LINCOLNSHIRE,75067,75012,52.6,41.6,1.5,0.5,1.0,1.6,5.7,1.7,97.8,52.6,44.1,70727,31237,1138,377,718,1168,4285,1245,73402,39470,33081,39490,31237,377,341,450,3117,52.6,41.6,0.5,0.5,0.6,4.2
E07000147,NORTH NORFOLK,53722,53715,85.7,2.5,2.5,0.5,2.4,4.1,11.8,4.2,96.6,0.1,0.1,47383,1348,1342,287,1303,2207,6332,2258,51916,60,60,46035,1348,287,1016,904,4125,85.7,2.5,0.5,1.9,1.7,7.7
E06000024,NORTH SOMERSET,97294,96943,59.9,30.7,6.2,0.3,0.9,2.2,9.0,2.7,96.1,0.0,0.0,88147,29822,6062,268,870,2115,8796,2597,93547,0,0,58325,29822,268,602,1245,6681,59.9,30.7,0.3,0.6,1.3,6.9
E08000022,NORTH TYNESIDE,97728,97517,36.3,62.0,0.9,0.0,0.1,0.3,1.5,0.6,99.3,0.0,0.0,96053,60623,836,2,96,334,1464,550,97058,0,0,35430,60623,2,94,238,1130,36.3,62.0,0.0,0.1,0.2,1.2
E07000218,NORTH WARWICKSHIRE,28042,28032,73.1,21.9,6.6,0.2,0.9,1.4,4.9,1.5,99.5,0.0,0.0,26652,6153,1859,70,256,400,1380,422,27906,0,0,20499,6153,70,186,144,980,73.1,21.9,0.2,0.7,0.5,3.5
E07000134,NORTH WEST LEICESTERSHIRE,44563,44552,29.0,66.9,2.5,0.1,0.7,1.1,4.1,1.1,99.4,0.0,0.0,42727,29804,1100,55,314,475,1825,495,44310,0,0,12923,29804,55,259,161,1350,29.0,66.9,0.1,0.6,0.4,3.0
E07000154,NORTHAMPTON,100890,98782,24.3,72.1,1.8,0.0,0.3,0.5,1.4,2.7,96.7,1.2,0.0,97321,72755,1815,3,335,491,1461,2753,97512,1246,5,24566,72755,3,332,156,970,24.3,72.1,0.0,0.3,0.2,1.0
E06000057,NORTHUMBERLAND,143611,143432,86.2,6.4,3.2,0.9,1.7,2.6,7.3,2.8,98.6,5.5,0.6,132971,9234,4608,1260,2505,3760,10461,4059,141623,7870,834,123737,9234,1260,1245,1255,6701,86.2,6.4,0.9,0.9,0.9,4.7
E07000148,NORWICH,54704,54243,13.9,84.1,0.2,0.0,0.0,0.4,1.1,1.3,98.3,0.0,0.0,53641,46024,95,0,2,238,602,699,53772,0,0,7617,46024,0,2,236,364,13.9,84.1,0.0,0.0,0.4,0.7
E06000018,NOTTINGHAM,138017,137982,7.9,89.7,5.4,0.0,0.2,0.3,2.4,0.4,97.7,0.0,0.0,134626,123745,7471,10,296,460,3356,549,134851,0,0,10881,123745,10,286,164,2896,7.9,89.7,0.0,0.2,0.1,2.1
E07000219,NUNEATON AND BEDWORTH,57405,57405,24.9,74.4,2.4,0.0,0.0,0.1,0.7,0.1,99.9,0.0,0.0,57019,42723,1389,1,24,39,386,39,57344,0,0,14296,42723,1,23,15,347,24.9,74.4,0.0,0.0,0.0,0.6
E07000135,OADBY AND WIGSTON,23914,23876,22.3,76.5,0.3,0.0,0.0,0.1,1.1,0.4,99.2,0.0,0.0,23619,18297,71,0,5,16,257,105,23732,0,0,5322,18297,0,5,11,241,22.3,76.5,0.0,0.0,0.0,1.0
E08000004,OLDHAM,93187,93155,26.0,72.2,8.6,0.1,0.2,0.3,1.7,0.4,99.7,0.0,0.0,91529,67258,8039,60,177,318,1626,357,92931,0,0,24271,67258,60,117,141,1308,26.0,72.2,0.1,0.1,0.2,1.4
S12000023,ORKNEY ISLANDS,11724,11222,61.6,0.4,0.4,4.4,10.3,21.6,33.7,26.4,75.4,0.0,0.0,7271,45,45,519,1210,2534,3951,3093,8845,0,0,7226,45,519,691,1324,1417,61.6,0.4,4.4,5.9,11.3,12.1
E07000178,OXFORD,61712,61664,18.1,79.4,0.6,0.0,0.0,0.4,2.4,0.6,97.7,0.0,0.0,60184,49013,400,0,22,221,1480,344,60266,0,0,11171,49013,0,22,199,1259,18.1,79.4,0.0,0.0,0.3,2.0
W06000009,PEMBROKESHIRE,59621,59562,82.0,5.2,5.2,1.7,4.0,6.6,12.7,7.1,95.4,5.2,2.1,51988,3100,3098,987,2383,3924,7574,4216,56872,3095,1256,48888,3100,987,1396,1541,3650,82.0,5.2,1.7,2.3,2.6,6.1
E07000122,PENDLE,40283,40279,63.1,33.4,1.5,0.3,0.6,1.0,3.5,1.0,99.5,58.7,21.5,38879,13462,596,115,259,394,1400,408,40097,23665,8645,25417,13462,115,144,135,1006,63.1,33.4,0.3,0.4,0.3,2.5
S12000048,PERTH AND KINROSS,72311,71994,52.1,32.5,1.6,1.6,4.0,7.4,15.0,8.1,95.0,0.0,0.0,61158,23515,1167,1141,2900,5326,10836,5886,68722,0,0,37643,23515,1141,1759,2426,5510,52.1,32.5,1.6,2.4,3.4,7.6
E06000031,PETERBOROUGH,85667,85658,23.4,74.4,26.1,0.1,0.3,0.4,2.1,0.5,99.0,0.0,0.0,83839,63764,22358,68,220,363,1819,418,84825,0,0,20075,63764,68,152,143,1456,23.4,74.4,0.1,0.2,0.2,1.7
E06000026,PLYMOUTH,119487,119472,12.2,85.2,1.1,0.0,0.1,0.8,2.6,0.9,97.8,19.4,3.0,116357,101772,1320,2,155,911,3115,1076,116811,23222,3550,14585,101772,2,153,756,2204,12.2,85.2,0.0,0.1,0.6,1.8
E06000044,PORTSMOUTH,91226,90842,9.4,87.1,2.1,0.0,0.3,0.7,3.0,1.3,96.7,0.0,0.0,88081,79498,1953,0,264,596,2761,1173,88214,0,0,8583,79498,0,264,332,2165,9.4,87.1,0.0,0.3,0.4,2.4
W06000023,POWYS,62957,62144,60.9,17.3,17.3,3.3,7.1,11.7,20.4,13.4,89.6,10.5,2.2,49274,10906,10904,2107,4442,7396,12870,8464,56422,6615,1396,38368,10906,2107,2335,2954,5474,60.9,17.3,3.3,3.7,4.7,8.7
E07000123,PRESTON,63255,63218,31.3,66.4,4.0,0.0,0.1,0.5,2.2,0.6,99.0,61.6,51.5,61806,42024,2521,27,57,318,1412,365,62629,38986,32574,19782,42024,27,30,261,1094,31.3,66.4,0.0,0.0,0.4,1.7
E06000038,READING,72456,72412,26.6,71.8,6.9,0.0,0.1,0.2,1.6,0.4,98.6,0.0,0.0,71274,52021,4981,2,84,140,1138,307,71459,0,0,19253,52021,2,82,56,998,26.6,71.8,0.0,0.1,0.1,1.4
E09000026,REDBRIDGE,104464,104455,14.0,84.6,8.8,0.0,0.0,0.0,1.3,0.1,98.9,0.0,0.0,103075,88399,9185,12,35,38,1380,146,103304,0,0,14676,88399,12,23,3,1342,14.0,84.6,0.0,0.0,0.0,1.3
E06000003,REDCAR AND CLEVELAND,64254,64252,10.4,86.5,0.7,0.2,0.7,1.2,3.1,1.5,98.2,0.4,0.0,62259,55602,418,139,423,798,1993,939,63091,254,0,6657,55602,139,284,375,1195,10.4,86.5,0.2,0.4,0.6,1.9
E07000236,REDDITCH,36847,36843,17.1,81.1,1.7,0.0,0.0,0.1,1.9,0.1,98.9,2.6,1.4,36152,29869,630,3,6,25,691,35,36434,973,501,6283,29869,3,3,19,666,17.1,81.1,0.0,0.0,0.1,1.8
E07000211,REIGATE AND BANSTEAD,60856,60854,31.0,66.7,3.1,0.0,0.1,0.3,2.3,0.3,99.8,0.0,0.0,59452,40606,1895,15,79,165,1402,178,60748,0,0,18846,40606,15,64,86,1237,31.0,66.7,0.0,0.1,0.1,2.0
S12000038,RENFREWSHIRE,88082,88079,22.3,74.9,9.6,0.1,0.3,0.5,2.8,0.6,98.8,0.0,0.0,85607,65982,8472,81,228,469,2472,540,87058,0,0,19625,65982,81,147,241,2003,22.3,74.9,0.1,0.2,0.3,2.3
W06000016,RHONDDA CYNON TAF,110672,110547,84.3,13.1,3.3,0.0,0.1,0.4,2.5,0.7,99.3,21.3,10.9,107818,14501,3640,31,67,444,2729,730,109905,23581,12053,93317,14501,31,36,377,2285,84.3,13.1,0.0,0.0,0.3,2.1
E07000124,RIBBLE VALLEY,27398,27385,78.4,10.7,8.1,0.8,2.5,4.3,10.9,4.4,98.9,63.0,21.4,24403,2923,2206,217,694,1174,2982,1199,27101,17257,5870,21480,2923,217,477,480,1808,78.4,10.7,0.8,1.7,1.8,6.6
E09000027,RICHMOND UPON THAMES,83712,83649,18.4,80.2,13.4,0.0,0.0,0.3,1.3,0.5,98.8,0.0,0.0,82565,67171,11199,0,10,250,1084,378,82692,0,0,15394,67171,0,10,240,834,18.4,80.2,0.0,0.0,0.3,1.0
E07000166,RICHMONDSHIRE,22878,22805,72.6,9.3,2.8,2.3,5.0,9.0,17.8,9.5,95.6,36.2,20.3,18740,2123,643,535,1144,2069,4065,2176,21881,8293,4635,16617,2123,535,609,925,1996,72.6,9.3,2.3,2.7,4.0,8.7
E08000005,ROCHDALE,95113,95070,38.7,59.1,8.8,0.0,0.1,0.3,2.1,0.4,99.5,0.0,0.0,93107,56255,8332,15,77,296,1963,375,94614,0,0,36852,56255,15,62,219,1667,38.7,59.1,0.0,0.1,0.2,1.8
E07000075,ROCHFORD,36014,35935,86.7,8.0,4.3,0.0,0.1,0.7,5.1,0.9,99.1,0.0,0.0,34086,2879,1552,7,46,238,1849,322,35705,0,0,31207,2879,7,39,192,1611,86.7,8.0,0.0,0.1,0.5,4.5
E07000125,ROSSENDALE,32076,32061,52.9,42.2,0.2,0.1,0.7,0.9,4.9,1.0,99.4,5.7,5.5,30502,13532,50,23,229,293,1559,312,31869,1837,1773,16970,13532,23,206,64,1266,52.9,42.2,0.1,0.6,0.2,3.9
E07000064,ROTHER,45068,45055,88.8,3.5,3.5,0.1,0.4,1.4,7.6,1.4,99.6,0.0,0.0,41608,1590,1590,55,181,633,3447,653,44903,0,0,40018,1590,55,126,452,2814,88.8,3.5,0.1,0.3,1.0,6.2
E08000018,ROTHERHAM,117162,117038,39.0,59.2,7.7,0.0,0.2,0.3,1.6,0.4,99.6,0.4,0.1,115111,69364,9075,41,190,353,1927,492,116685,477,169,45747,69364,41,149,163,1574,39.0,59.2,0.0,0.1,0.1,1.3
E07000220,RUGBY,47813,47792,42.1,53.3,4.8,0.3,0.5,1.2,4.5,1.5,97.7,0.0,0.0,45618,25469,2298,124,246,592,2174,694,46696,0,0,20149,25469,124,122,346,1582,42.1,53.3,0.3,0.3,0.7,3.3
E07000212,RUNNYMEDE,36181,36172,29.3,68.1,3.2,0.0,0.0,0.6,2.6,0.6,99.3,0.0,0.0,35246,24635,1169,0,9,213,926,222,35945,0,0,10611,24635,0,9,204,713,29.3,68.1,0.0,0.0,0.6,2.0
E07000176,RUSHCLIFFE,51034,51013,27.9,69.2,4.3,0.1,0.3,0.7,2.9,0.8,99.6,1.3,0.1,49555,35322,2172,64,167,372,1458,403,50855,640,57,14233,35322,64,103,205,1086,27.9,69.2,0.1,0.2,0.4,2.1
E07000092,RUSHMOOR,39916,39902,15.3,82.5,3.0,0.1,0.7,1.3,2.2,1.3,98.1,0.0,0.0,39040,32926,1203,38,295,506,862,527,39141,0,0,6114,32926,38,257,211,356,15.3,82.5,0.1,0.6,0.5,0.9
E06000017,RUTLAND,17011,17003,81.8,10.4,10.4,0.2,0.5,0.9,7.8,0.9,98.9,0.0,0.0,15684,1774,1774,39,89,146,1319,155,16828,0,0,13910,1774,39,50,57,1173,81.8,10.4,0.2,0.3,0.3,6.9
E07000167,RYEDALE,26719,26504,76.2,6.2,6.2,3.4,6.0,8.8,16.8,9.7,94.9,22.7,12.5,22014,1660,1660,904,1593,2347,4490,2605,25347,6056,3328,20354,1660,904,689,754,2143,76.2,6.2,3.4,2.6,2.8,8.0
E08000006,SALFORD,119010,119004,15.6,81.1,48.0,0.0,0.2,1.4,3.3,1.8,96.9,1.7,0.0,115037,96485,57069,4,268,1701,3967,2182,115306,1973,0,18552,96485,4,264,1433,2266,15.6,81.1,0.0,0.2,1.2,1.9
E08000028,SANDWELL,131903,131890,26.4,73.2,2.5,0.0,0.0,0.1,0.4,0.2,99.8,0.0,0.0,131384,96525,3286,3,10,181,506,238,131579,0,0,34859,96525,3,7,171,325,26.4,73.2,0.0,0.0,0.1,0.2
E07000168,SCARBOROUGH,55901,55877,91.3,1.5,1.5,0.6,1.2,1.9,7.2,2.2,97.2,4.3,0.0,51878,854,852,311,694,1071,3999,1207,54350,2378,21,51024,854,311,383,377,2928,91.3,1.5,0.6,0.7,0.7,5.2
S12000026,SCOTTISH BORDERS,56371,55962,80.4,4.8,4.0,1.7,4.4,7.9,14.1,9.1,95.1,15.0,0.6,48040,2709,2237,964,2490,4466,7922,5135,53631,8480,354,45331,2709,964,1526,1976,3456,80.4,4.8,1.7,2.7,3.5,6.1
E07000188,SEDGEMOOR,54595,54589,80.2,11.2,4.2,0.8,1.8,3.1,8.6,3.6,97.0,0.0,0.0,49888,6106,2289,431,986,1706,4701,1956,52976,0,0,43782,6106,431,555,720,2995,80.2,11.2,0.8,1.0,1.3,5.5
E08000014,SEFTON,126786,126661,34.8,63.3,2.1,0.0,0.1,0.2,1.7,0.3,99.5,0.1,0.0,124465,80302,2707,45,159,307,2196,438,126154,170,0,44163,80302,45,114,148,1889,34.8,63.3,0.0,0.1,0.1,1.5
E07000169,SELBY,39855,39827,79.9,9.5,9.5,0.7,1.5,2.3,10.5,2.6,96.9,14.9,13.9,35628,3788,3782,285,605,920,4199,1018,38613,5926,5537,31840,3788,285,320,315,3279,79.9,9.5,0.7,0.8,0.8,8.2
E07000111,SEVENOAKS,50102,50089,64.2,27.2,2.5,0.2,0.6,1.4,8.6,1.4,99.5,0.0,0.0,45788,13646,1231,118,279,684,4301,720,49850,0,0,32142,13646,118,161,405,3617,64.2,27.2,0.2,0.3,0.8,7.2
E08000019,SHEFFIELD,253475,253456,50.1,43.8,2.2,0.0,0.1,0.5,6.1,0.7,95.5,0.0,0.0,237969,111064,5534,69,143,1188,15487,1831,242078,0,0,126905,111064,69,74,1045,14299,50.1,43.8,0.0,0.0,0.4,5.6
S12000027,SHETLAND ISLANDS,10271,10067,68.2,0.5,0.5,3.4,7.9,17.7,29.3,19.9,84.3,0.0,0.0,7060,52,52,345,814,1815,3007,2041,8659,0,0,7008,52,345,469,1001,1192,68.2,0.5,3.4,4.6,9.7,11.6
E06000051,SHROPSHIRE,142047,141697,74.2,11.8,4.9,1.0,3.0,5.8,13.7,6.4,95.5,42.1,16.0,122186,16719,7025,1407,4319,8305,19511,9086,135711,59755,22690,105467,16719,1407,2912,3986,11206,74.2,11.8,1.0,2.1,2.8,7.9
E06000039,SLOUGH,54405,54357,13.6,85.7,3.6,0.0,0.0,0.1,0.6,0.2,99.6,0.0,0.0,54035,46640,1979,6,8,53,322,102,54178,0,0,7395,46640,6,2,45,269,13.6,85.7,0.0,0.0,0.1,0.5
E08000029,SOLIHULL,92290,92284,21.5,76.2,11.2,0.0,0.3,0.9,2.2,1.0,98.6,0.0,0.0,90240,70360,10352,20,241,849,2044,929,91005,0,0,19880,70360,20,221,608,1195,21.5,76.2,0.0,0.2,0.7,1.3
E07000246,SOMERSET WEST AND TAUNTON,71495,71404,77.8,10.8,3.7,0.9,2.7,5.0,11.3,5.6,95.9,3.2,1.4,63356,7734,2677,644,1941,3601,8048,4015,68534,2286,969,55622,7734,644,1297,1660,4447,77.8,10.8,0.9,1.8,2.3,6.2
S12000028,SOUTH AYRSHIRE,55683,55620,40.2,53.8,1.0,0.4,1.2,2.5,5.8,2.8,98.4,0.0,0.0,52368,29960,530,212,670,1396,3252,1545,54779,0,0,22408,29960,212,458,726,1856,40.2,53.8,0.4,0.8,1.3,3.3
E07000006,SOUTH BUCKS,29505,29504,51.7,37.6,13.4,0.1,0.6,2.6,10.6,2.9,97.1,0.0,0.0,26366,11105,3959,24,180,769,3138,861,28659,0,0,15261,11105,24,156,589,2369,51.7,37.6,0.1,0.5,2.0,8.0
E07000012,SOUTH CAMBRIDGESHIRE,65875,65865,44.8,51.3,13.1,0.1,0.3,0.7,3.8,0.7,99.4,0.7,0.4,63361,33822,8651,69,186,451,2504,492,65464,446,275,29539,33822,69,117,265,2053,44.8,51.3,0.1,0.2,0.4,3.1
E07000039,SOUTH DERBYSHIRE,45174,45138,74.1,17.6,7.3,0.4,1.5,2.4,8.3,2.7,98.6,0.0,0.0,41384,7932,3279,177,670,1102,3754,1202,44530,0,0,33452,7932,177,493,432,2652,74.1,17.6,0.4,1.1,1.0,5.9
E06000025,SOUTH GLOUCESTERSHIRE,118819,118775,24.4,73.2,6.8,0.1,0.3,0.6,2.4,0.7,99.4,0.0,0.0,115965,87025,8118,126,329,718,2810,813,118150,0,0,28940,87025,126,203,389,2092,24.4,73.2,0.1,0.2,0.3,1.8
E07000044,SOUTH HAMS,42398,42382,64.0,16.8,12.9,0.8,2.9,7.4,19.2,7.9,94.4,27.1,16.9,34256,7137,5474,330,1220,3118,8126,3367,40026,11509,7166,27119,7137,330,890,1898,5008,64.0,16.8,0.8,2.1,4.5,11.8
E07000140,SOUTH HOLLAND,40897,40879,81.2,5.8,4.8,0.4,2.3,4.1,12.9,4.1,98.7,0.5,0.5,35593,2380,1979,161,941,1660,5286,1680,40377,218,212,33213,2380,161,780,719,3626,81.2,5.8,0.4,1.9,1.8,8.9
E07000141,SOUTH KESTEVEN,63945,63934,63.2,29.8,2.4,0.5,1.0,1.8,7.0,2.0,98.0,0.0,0.0,59487,19080,1512,346,608,1154,4447,1291,62684,25,0,40407,19080,346,262,546,3293,63.2,29.8,0.5,0.4,0.9,5.1
E07000031,SOUTH LAKELAND,53048,52962,84.1,8.3,8.2,0.5,1.2,2.3,7.4,2.6,98.6,39.6,32.0,49036,4401,4351,282,637,1211,3926,1365,52328,21017,16995,44635,4401,282,355,574,2715,84.1,8.3,0.5,0.7,1.1,5.1
S12000029,SOUTH LANARKSHIRE,151861,151764,34.5,60.9,5.4,0.4,1.1,2.2,4.5,2.3,98.6,0.0,0.0,144938,92520,8271,629,1597,3282,6826,3452,149805,0,0,52418,92520,629,968,1685,3544,34.5,60.9,0.4,0.6,1.1,2.3
E07000149,SOUTH NORFOLK,61349,61335,80.9,7.2,2.7,0.4,2.0,3.8,11.9,4.0,97.4,0.0,0.0,54025,4408,1657,260,1205,2307,7310,2426,59783,0,0,49617,4408,260,945,1102,5003,80.9,7.2,0.4,1.5,1.8,8.2
E07000155,SOUTH NORTHAMPTONSHIRE,39569,39557,75.7,17.4,13.1,0.2,2.0,2.9,6.9,3.0,96.5,0.6,0.4,36834,6888,5167,62,776,1156,2723,1195,38201,257,177,29946,6888,62,714,380,1567,75.7,17.4,0.2,1.8,1.0,4.0
E07000179,SOUTH OXFORDSHIRE,61590,61568,59.4,35.9,12.8,0.1,0.5,0.9,4.6,1.0,99.6,0.0,0.0,58709,22103,7880,73,289,545,2859,586,61351,0,0,36606,22103,73,216,256,2314,59.4,35.9,0.1,0.4,0.4,3.8
E07000126,SOUTH RIBBLE,49602,49592,34.1,62.2,1.4,0.1,0.4,0.8,3.7,0.9,99.2,38.5,22.5,47780,30868,701,27,183,402,1812,427,49212,19102,11174,16912,30868,27,156,219,1410,34.1,62.2,0.1,0.3,0.4,2.8
E07000189,SOUTH SOMERSET,77740,77646,86.4,1.3,1.2,0.6,2.8,4.9,12.2,5.3,97.4,4.4,4.4,68126,983,917,430,2180,3823,9520,4107,75699,3384,3384,67143,983,430,1750,1643,5697,86.4,1.3,0.6,2.3,2.1,7.3
E07000196,SOUTH STAFFORDSHIRE,47045,47018,62.0,30.7,28.1,0.2,0.7,1.9,7.3,2.0,98.7,1.5,0.0,43605,14432,13220,72,320,887,3413,934,46432,706,14,29173,14432,72,248,567,2526,62.0,30.7,0.2,0.5,1.2,5.4
E08000023,SOUTH TYNESIDE,71952,71949,27.6,70.5,0.5,0.1,0.2,0.3,1.9,0.5,99.2,0.0,0.0,70583,50713,381,38,116,250,1366,353,71406,0,0,19870,50713,38,78,134,1116,27.6,70.5,0.1,0.1,0.2,1.6
E06000045,SOUTHAMPTON,110265,109746,10.1,85.2,6.2,0.0,0.0,0.6,4.2,1.1,95.6,0.0,0.0,105141,93970,6798,0,19,623,4605,1189,105366,0,0,11171,93970,0,19,604,3982,10.1,85.2,0.0,0.0,0.5,3.6
E06000033,SOUTHEND-ON-SEA,81351,81342,36.0,59.5,1.5,0.0,0.0,0.0,4.4,0.4,96.5,0.0,0.0,77740,48415,1204,0,0,29,3602,334,78466,0,0,29325,48415,0,0,29,3573,36.0,59.5,0.0,0.0,0.0,4.4
E09000028,SOUTHWARK,137423,137167,22.7,70.3,33.8,0.0,0.0,0.3,6.9,0.8,93.1,0.0,0.0,127753,96560,46434,1,6,380,9414,1079,127963,0,0,31193,96560,1,5,374,9034,22.7,70.3,0.0,0.0,0.3,6.6
E07000213,SPELTHORNE,42418,42409,14.5,83.6,27.0,0.0,0.0,0.4,1.9,0.6,98.8,0.0,0.0,41621,35462,11437,0,2,153,788,245,41891,0,0,6159,35462,0,2,151,635,14.5,83.6,0.0,0.0,0.4,1.5
E07000240,ST ALBANS,60980,60969,15.9,80.8,1.7,0.1,0.2,0.5,3.2,0.6,98.6,0.0,0.0,58991,49293,1034,64,120,297,1978,339,60141,0,0,9698,49293,64,56,177,1681,15.9,80.8,0.1,0.1,0.3,2.8
E08000013,ST. HELENS,82584,82582,15.5,82.4,1.4,0.1,0.3,0.7,2.1,0.8,99.2,17.2,0.9,80838,68016,1121,93,274,553,1744,656,81910,14229,729,12822,68016,93,181,279,1191,15.5,82.4,0.1,0.2,0.3,1.4
E07000197,STAFFORD,61072,61031,30.8,62.3,3.4,0.3,1.0,3.1,6.8,3.2,97.8,0.5,0.0,56867,38030,2072,163,608,1898,4164,1961,59754,314,4,18837,38030,163,445,1290,2266,30.8,62.3,0.3,0.7,2.1,3.7
E07000198,STAFFORDSHIRE MOORLANDS,43649,43637,65.2,26.7,1.7,0.7,1.8,3.6,8.1,3.8,98.5,0.0,0.0,40120,11667,750,300,766,1568,3517,1652,43002,0,0,28453,11667,300,466,802,1949,65.2,26.7,0.7,1.1,1.8,4.5
E07000243,STEVENAGE,37434,37432,10.8,88.8,0.9,0.0,0.0,0.0,0.4,0.0,99.7,0.0,0.0,37293,33256,343,0,0,1,139,6,37324,0,0,4037,33256,0,0,1,138,10.8,88.8,0.0,0.0,0.0,0.4
S12000030,STIRLING,40810,40730,65.4,23.0,18.4,1.4,3.0,5.1,11.4,5.4,96.7,0.0,0.0,36066,9374,7510,572,1224,2073,4664,2193,39468,0,0,26692,9374,572,652,849,2591,65.4,23.0,1.4,1.6,2.1,6.3
E08000007,STOCKPORT,129348,129335,18.0,80.8,0.6,0.0,0.1,0.2,1.3,0.2,99.5,10.8,0.0,127708,104453,785,22,169,223,1627,275,128653,14023,0,23255,104453,22,147,54,1404,18.0,80.8,0.0,0.1,0.0,1.1
E06000004,STOCKTON-ON-TEES,86109,86094,23.6,73.2,2.8,0.1,0.6,1.1,3.2,1.5,97.5,11.8,2.2,83331,62994,2371,74,503,977,2763,1253,83938,10171,1932,20337,62994,74,429,474,1786,23.6,73.2,0.1,0.5,0.6,2.1
E06000021,STOKE-ON-TRENT,115978,115964,24.7,73.6,0.4,0.0,0.0,0.1,1.7,0.1,99.2,0.0,0.0,113970,85327,433,1,17,114,1994,158,115086,0,0,28643,85327,1,16,97,1880,24.7,73.6,0.0,0.0,0.1,1.6
E07000221,STRATFORD-ON-AVON,58352,58255,64.4,29.3,6.7,0.3,1.0,2.0,6.1,2.2,98.1,4.7,0.8,54678,17076,3893,166,584,1157,3577,1299,57264,2766,488,37602,17076,166,418,573,2420,64.4,29.3,0.3,0.7,1.0,4.1
E07000082,STROUD,52652,52637,75.3,12.9,9.0,0.4,1.8,3.2,11.8,3.6,94.7,5.4,0.7,46433,6766,4717,233,934,1662,6204,1902,49886,2851,384,39667,6766,233,701,728,4542,75.3,12.9,0.4,1.3,1.4,8.6
E08000024,SUNDERLAND,129526,129371,39.4,57.8,5.0,0.1,0.1,0.6,2.7,0.8,98.7,0.0,0.0,125897,74863,6428,69,122,721,3474,1005,127791,0,0,51034,74863,69,53,599,2753,39.4,57.8,0.1,0.0,0.5,2.1
E07000214,SURREY HEATH,36198,36198,30.7,66.7,6.7,0.0,0.1,0.4,2.6,0.4,99.6,0.0,0.0,35267,24139,2409,0,19,141,931,144,36043,0,0,11128,24139,0,19,122,790,30.7,66.7,0.0,0.1,0.3,2.2
E09000029,SUTTON,83509,83479,16.0,82.2,1.9,0.0,0.0,0.2,1.8,0.4,98.5,0.0,0.0,82007,68616,1561,12,23,168,1472,310,82278,0,0,13391,68616,12,11,145,1304,16.0,82.2,0.0,0.0,0.2,1.6
E07000113,SWALE,61619,61536,60.2,33.5,1.7,0.2,0.7,1.8,6.1,2.0,99.0,0.0,0.0,57773,20648,1040,106,426,1104,3763,1251,60974,0,0,37125,20648,106,320,678,2659,60.2,33.5,0.2,0.5,1.1,4.3
W06000011,SWANSEA,111610,111395,33.2,64.5,13.0,0.1,0.2,0.4,2.1,0.7,98.7,19.5,10.5,109023,71994,14536,88,217,492,2372,790,110124,21783,11702,37029,71994,88,129,275,1880,33.2,64.5,0.1,0.1,0.2,1.7
E06000030,SWINDON,96346,96342,16.2,76.1,6.2,0.0,0.7,2.2,7.7,2.7,92.7,0.0,0.0,88880,73314,5983,18,653,2138,7462,2611,89281,0,0,15566,73314,18,635,1485,5324,16.2,76.1,0.0,0.7,1.5,5.5
E08000008,TAMESIDE,104115,103875,44.3,52.8,12.4,0.0,0.0,0.1,2.7,0.4,99.5,0.0,0.0,101018,54938,12925,2,13,134,2857,377,103618,0,0,46080,54938,2,11,121,2723,44.3,52.8,0.0,0.0,0.1,2.6
E07000199,TAMWORTH,33434,33417,17.1,82.0,1.4,0.1,0.1,0.2,0.9,0.3,99.7,0.0,0.0,33116,27410,474,30,41,59,301,98,33349,0,0,5706,27410,30,11,18,242,17.1,82.0,0.1,0.0,0.1,0.7
E07000215,TANDRIDGE,36177,36170,47.8,45.8,5.4,0.1,0.5,1.0,6.4,1.1,99.5,0.0,0.0,33865,16563,1948,45,181,360,2305,401,35984,0,0,17302,16563,45,136,179,1945,47.8,45.8,0.1,0.4,0.5,5.4
E07000045,TEIGNBRIDGE,61590,61571,60.1,27.5,1.4,0.5,1.8,4.0,12.3,4.3,95.3,25.0,8.1,53988,16965,884,326,1078,2476,7583,2623,58690,15391,4958,37023,16965,326,752,1398,5107,60.1,27.5,0.5,1.2,2.3,8.3
E06000020,TELFORD AND WREKIN,76922,76867,23.1,74.9,2.6,0.1,0.2,0.4,1.9,0.5,99.5,18.2,2.6,75372,57601,1997,54,116,291,1495,353,76506,13996,1965,17771,57601,54,62,175,1204,23.1,74.9,0.1,0.1,0.2,1.6
E07000076,TENDRING,69604,69589,89.5,3.1,3.1,0.6,1.7,2.7,7.4,2.9,97.1,0.0,0.0,64443,2148,2141,402,1178,1857,5146,1989,67576,0,0,62295,2148,402,776,679,3289,89.5,3.1,0.6,1.1,1.0,4.7
E07000093,TEST VALLEY,54384,54365,32.4,60.4,11.9,0.3,1.1,2.5,7.1,2.6,98.4,0.0,0.0,50483,32870,6445,168,596,1386,3882,1431,53532,0,0,17613,32870,168,428,790,2496,32.4,60.4,0.3,0.8,1.5,4.6
E07000083,TEWKESBURY,43507,43387,39.5,48.8,17.5,0.3,1.9,3.5,11.4,4.5,90.3,8.6,1.4,38437,21250,7626,110,810,1538,4950,1961,39274,3725,588,17187,21250,110,700,728,3412,39.5,48.8,0.3,1.6,1.7,7.8
E07000114,THANET,67771,67728,53.1,44.7,44.7,0.0,0.1,0.6,2.1,0.7,99.9,0.0,0.0,66290,30275,30263,4,83,409,1438,452,67696,0,0,36015,30275,4,79,326,1029,53.1,44.7,0.0,0.1,0.5,1.5
E07000102,THREE RIVERS,37685,37682,23.2,73.4,1.3,0.1,0.3,0.4,3.4,0.4,99.8,0.0,0.0,36389,27651,483,53,107,142,1293,147,37596,0,0,8738,27651,53,54,35,1151,23.2,73.4,0.1,0.1,0.1,3.1
E06000034,THURROCK,68058,68055,23.2,72.9,5.6,0.0,0.3,1.6,3.9,1.6,97.7,0.0,0.0,65417,49646,3825,17,190,1061,2638,1076,66512,0,0,15771,49646,17,173,871,1577,23.2,72.9,0.0,0.3,1.3,2.3
E07000115,TONBRIDGE AND MALLING,53970,53944,39.2,55.6,7.2,0.2,0.5,1.3,5.2,1.4,98.9,0.0,0.0,51155,29996,3878,124,276,682,2789,732,53364,0,0,21159,29996,124,152,406,2107,39.2,55.6,0.2,0.3,0.8,3.9
E06000027,TORBAY,73012,72937,38.5,55.5,15.5,0.0,0.0,0.7,5.9,0.8,96.4,1.7,0.0,68636,40532,11286,14,26,508,4301,605,70396,1209,0,28104,40532,14,12,482,3793,38.5,55.5,0.0,0.0,0.7,5.2
W06000020,TORFAEN,42336,42326,60.4,36.2,5.6,0.1,0.2,0.6,3.4,0.9,98.4,58.6,46.9,40879,15309,2384,33,70,243,1447,371,41644,24817,19855,25570,15309,33,37,173,1204,60.4,36.2,0.1,0.1,0.4,2.8
E07000046,TORRIDGE,31653,31595,78.2,3.5,3.5,2.7,7.3,11.5,18.2,12.1,93.2,27.7,14.6,25849,1094,1094,860,2325,3642,5746,3830,29506,8753,4622,24755,1094,860,1465,1317,2104,78.2,3.5,2.7,4.6,4.2,6.6
E09000030,TOWER HAMLETS,131390,130927,28.9,62.1,34.0,0.0,0.0,0.3,8.7,0.7,90.9,0.0,0.0,119467,81531,44712,0,3,377,11460,973,119498,0,0,37936,81531,0,3,374,11083,28.9,62.1,0.0,0.0,0.3,8.4
E08000009,TRAFFORD,100020,99788,31.2,66.8,1.9,0.0,0.3,0.4,1.8,0.7,99.1,1.4,0.0,97943,66773,1860,45,346,410,1845,699,99121,1387,0,31170,66773,45,301,64,1435,31.2,66.8,0.0,0.3,0.1,1.4
E07000116,TUNBRIDGE WELLS,48706,48692,45.3,46.3,7.1,0.1,1.1,2.7,8.4,2.9,98.8,0.0,0.0,44606,22531,3456,57,555,1336,4086,1390,48120,0,0,22075,22531,57,498,781,2750,45.3,46.3,0.1,1.0,1.6,5.6
E07000077,UTTLESFORD,36731,36702,60.8,24.8,7.6,0.4,1.9,5.4,14.3,6.0,92.6,0.0,0.0,31440,9123,2784,156,706,1992,5262,2203,34027,0,0,22317,9123,156,550,1286,3270,60.8,24.8,0.4,1.5,3.5,8.9
W06000014,VALE OF GLAMORGAN,58666,58636,43.5,52.4,5.4,0.3,0.9,1.3,4.0,1.5,98.3,11.5,6.1,56266,30746,3151,179,531,746,2370,892,57646,6730,3602,25520,30746,179,352,215,1624,43.5,52.4,0.3,0.6,0.4,2.8
E07000180,VALE OF WHITE HORSE,58053,58033,36.4,59.6,14.9,0.2,0.4,0.9,4.0,0.9,99.0,0.0,0.0,55725,34618,8674,88,207,501,2308,529,57456,0,0,21107,34618,88,119,294,1807,36.4,59.6,0.2,0.2,0.5,3.1
E08000036,WAKEFIELD,151605,151233,50.9,44.4,13.2,0.0,0.4,0.7,4.5,1.2,98.1,0.4,0.0,144436,67271,19996,57,574,1097,6797,1786,148659,618,0,77165,67271,57,517,523,5700,50.9,44.4,0.0,0.3,0.3,3.8
E08000030,WALSALL,113072,113052,34.0,64.8,10.5,0.0,0.0,0.4,1.2,0.4,99.4,0.0,0.0,111718,73253,11820,4,12,463,1334,487,112449,0,0,38465,73253,4,8,451,871,34.0,64.8,0.0,0.0,0.4,0.8
E09000031,WALTHAM FOREST,103631,103142,9.8,87.4,20.6,0.0,0.0,0.4,2.4,1.2,97.2,0.0,0.0,100650,90543,21306,6,19,376,2492,1242,100741,0,0,10107,90543,6,13,357,2116,9.8,87.4,0.0,0.0,0.3,2.0
E09000032,WANDSWORTH,146104,145919,22.2,75.0,20.7,0.0,0.0,0.0,2.7,0.3,97.2,0.0,0.0,142037,109551,30268,0,13,59,3882,416,142078,0,0,32486,109551,0,13,46,3823,22.2,75.0,0.0,0.0,0.0,2.6
E06000007,WARRINGTON,92334,92260,38.3,59.0,1.0,0.0,0.1,0.1,2.6,0.2,99.7,0.6,0.0,89902,54501,964,29,81,136,2358,217,92032,530,33,35401,54501,29,52,55,2222,38.3,59.0,0.0,0.1,0.1,2.4
E07000222,WARWICK,63700,63685,25.5,71.8,5.0,0.1,0.8,1.2,2.7,1.2,99.0,2.0,0.6,61996,45743,3206,75,502,747,1689,770,63093,1293,408,16253,45743,75,427,245,942,25.5,71.8,0.1,0.7,0.4,1.5
E07000103,WATFORD,39773,39752,15.8,83.8,1.5,0.0,0.0,0.0,0.4,0.1,99.6,0.0,0.0,39586,33320,581,1,3,16,166,43,39617,0,0,6266,33320,1,2,13,150,15.8,83.8,0.0,0.0,0.0,0.4
E07000216,WAVERLEY,52595,52579,80.5,12.7,4.3,0.1,0.4,0.7,6.7,0.8,99.7,0.0,0.0,49062,6704,2265,63,211,392,3517,410,52440,0,0,42358,6704,63,148,181,3125,80.5,12.7,0.1,0.3,0.3,5.9
E07000065,WEALDEN,68311,68291,87.3,6.0,6.0,0.2,0.6,1.3,6.7,1.4,99.6,0.0,0.0,63730,4082,4081,138,442,894,4561,931,68064,0,0,59648,4082,138,304,452,3667,87.3,6.0,0.2,0.4,0.7,5.4
E07000156,WELLINGBOROUGH,35286,35269,61.4,36.7,1.8,0.0,0.4,0.7,1.9,0.8,99.5,14.3,14.2,34604,12949,618,15,148,252,665,270,35097,5061,4997,21655,12949,15,133,104,413,61.4,36.7,0.0,0.4,0.3,1.2
E07000241,WELWYN HATFIELD,47545,47543,26.0,71.1,3.5,0.0,0.1,0.4,2.9,0.4,99.5,0.0,0.0,46173,33824,1654,6,27,196,1370,200,47293,0,0,12349,33824,6,21,169,1174,26.0,71.1,0.0,0.0,0.4,2.5
E06000037,WEST BERKSHIRE,67783,67628,35.6,60.4,23.1,0.1,0.3,0.8,3.8,1.1,97.7,0.0,0.0,65045,40919,15689,39,222,553,2583,765,66254,0,0,24126,40919,39,183,331,2030,35.6,60.4,0.1,0.3,0.5,3.0
E07000047,WEST DEVON,24782,24773,76.2,1.2,1.2,1.8,6.0,11.6,22.5,12.0,95.5,42.3,18.9,19192,308,308,452,1494,2880,5581,2966,23655,10495,4679,18884,308,452,1042,1386,2701,76.2,1.2,1.8,4.2,5.6,10.9
S12000039,WEST DUNBARTONSHIRE,44380,44373,9.1,89.8,0.3,0.0,0.2,0.4,1.1,0.5,99.2,0.0,0.0,43869,39846,128,15,74,174,504,213,44044,0,0,4023,39846,15,59,100,330,9.1,89.8,0.0,0.1,0.2,0.7
E07000127,WEST LANCASHIRE,48462,48450,73.6,20.3,14.3,0.2,0.8,1.7,6.1,1.9,98.6,17.3,5.8,45508,9835,6914,116,385,837,2942,944,47770,8398,2824,35673,9835,116,269,452,2105,73.6,20.3,0.2,0.6,0.9,4.3
E07000142,WEST LINDSEY,42870,42788,59.5,26.2,13.5,1.8,4.3,6.9,14.2,7.2,97.4,26.9,19.3,36707,11219,5770,785,1830,2950,6081,3102,41772,11514,8269,25488,11219,785,1045,1120,3131,59.5,26.2,1.8,2.4,2.6,7.3
S12000040,WEST LOTHIAN,80636,80627,41.7,54.8,9.2,0.1,0.3,0.6,3.5,0.6,99.1,0.0,0.0,77818,44160,7383,110,270,466,2809,513,79889,0,0,33658,44160,110,160,196,2343,41.7,54.8,0.1,0.2,0.2,2.9
E07000181,WEST OXFORDSHIRE,47815,47803,47.2,48.3,15.0,0.1,0.6,1.6,4.4,1.8,98.1,0.0,0.0,45704,23115,7185,55,291,751,2099,861,46925,0,0,22589,23115,55,236,460,1348,47.2,48.3,0.1,0.5,1.0,2.8
E07000245,WEST SUFFOLK,78436,78411,78.0,16.4,2.9,0.2,0.5,1.0,5.6,1.0,99.1,0.1,0.0,74045,12864,2268,132,431,773,4366,822,77752,109,0,61181,12864,132,299,342,3593,78.0,16.4,0.2,0.4,0.4,4.6
E09000033,WESTMINSTER,133552,133403,51.7,37.6,30.1,0.0,0.0,0.0,10.5,0.1,89.4,0.0,0.0,119365,50268,40163,0,0,15,14038,196,119382,0,0,69097,50268,0,0,15,14023,51.7,37.6,0.0,0.0,0.0,10.5
E08000010,WIGAN,144110,144107,27.5,71.1,1.0,0.0,0.1,0.3,1.4,0.3,99.7,15.0,0.7,142064,102460,1378,31,157,365,2043,394,143690,21655,1063,39604,102460,31,126,208,1678,27.5,71.1,0.0,0.1,0.1,1.2
E06000054,WILTSHIRE,218263,218174,56.4,36.6,7.2,0.3,0.9,1.9,7.0,2.0,98.5,1.0,1.0,202989,79870,15787,674,1923,4145,15185,4379,215050,2186,2186,123119,79870,674,1249,2222,11040,56.4,36.6,0.3,0.6,1.0,5.1
E07000094,WINCHESTER,52167,52141,49.4,41.5,4.6,0.5,1.4,2.7,9.1,2.9,97.4,0.0,0.0,47417,21624,2388,251,740,1411,4724,1495,50796,0,0,25793,21624,251,489,671,3313,49.4,41.5,0.5,0.9,1.3,6.4
E06000040,WINDSOR AND MAIDENHEAD,63097,63068,36.4,56.9,3.1,0.1,0.4,1.0,6.7,1.2,97.8,0.0,0.0,58867,35917,1927,85,238,638,4201,760,61691,0,0,22950,35917,85,153,400,3563,36.4,56.9,0.1,0.2,0.6,5.6
E08000015,WIRRAL,149518,149507,41.6,55.6,16.8,0.0,0.1,0.1,2.8,0.2,99.6,1.4,0.0,145308,83158,25056,27,81,214,4199,260,148984,2081,0,62150,83158,27,54,133,3985,41.6,55.6,0.0,0.0,0.1,2.7
E07000217,WOKING,42549,42540,15.3,82.8,3.1,0.0,0.3,0.4,1.9,0.4,99.3,0.0,0.0,41734,35222,1334,0,137,161,806,170,42263,0,0,6512,35222,0,137,24,645,15.3,82.8,0.0,0.3,0.1,1.5
E06000041,WOKINGHAM,72270,71420,40.7,51.1,6.8,0.0,0.2,1.2,7.0,2.8,95.6,0.0,0.0,66379,36961,4894,10,154,853,5041,2019,69125,0,0,29418,36961,10,144,699,4188,40.7,51.1,0.0,0.2,1.0,5.8
E08000031,WOLVERHAMPTON,111077,110978,12.8,85.7,0.7,0.0,0.0,0.2,1.4,0.3,98.8,0.0,0.0,109434,95167,827,0,2,243,1544,383,109782,0,0,14267,95167,0,2,241,1301,12.8,85.7,0.0,0.0,0.2,1.2
E07000237,WORCESTER,45709,45679,91.8,6.4,1.2,0.0,0.0,0.0,1.7,0.1,99.7,43.5,4.7,44892,2939,571,0,0,0,787,30,45553,19878,2147,41953,2939,0,0,0,787,91.8,6.4,0.0,0.0,0.0,1.7
E07000229,WORTHING,48798,48798,21.8,77.7,1.8,0.0,0.0,0.0,0.5,0.0,99.8,0.0,0.0,48531,37912,870,0,0,2,267,3,48722,0,0,10619,37912,0,0,2,265,21.8,77.7,0.0,0.0,0.0,0.5
W06000006,WREXHAM,61258,60796,66.7,27.5,27.1,0.3,0.9,1.6,5.1,2.5,98.0,39.7,8.3,57694,16863,16583,206,536,968,3102,1558,60004,24333,5094,40831,16863,206,330,432,2134,66.7,27.5,0.3,0.5,0.7,3.5
E07000238,WYCHAVON,57596,57276,83.0,8.7,5.1,0.2,0.9,1.9,7.8,2.6,97.8,9.6,1.3,52811,5010,2924,118,493,1083,4465,1495,56344,5532,750,47801,5010,118,375,590,3382,83.0,8.7,0.2,0.7,1.0,5.9
E07000007,WYCOMBE,71986,71906,68.8,26.2,2.0,0.1,0.6,0.9,4.9,1.0,99.2,0.0,0.0,68403,18892,1447,74,433,633,3503,728,71444,0,0,49511,18892,74,359,200,2870,68.8,26.2,0.1,0.5,0.3,4.0
E07000128,WYRE,52981,52945,88.9,5.9,5.4,0.1,0.3,0.5,5.2,0.7,99.2,7.3,1.4,50205,3109,2882,62,147,290,2740,355,52559,3867,752,47096,3109,62,85,143,2450,88.9,5.9,0.1,0.2,0.3,4.6
E07000239,WYRE FOREST,45202,45182,47.3,49.0,0.8,0.3,0.6,1.4,3.7,1.4,99.6,3.0,0.3,43511,22145,364,128,273,612,1671,653,45009,1356,139,21366,22145,128,145,339,1059,47.3,49.0,0.3,0.3,0.7,2.3
E06000014,YORK,92498,92323,21.8,73.1,45.5,0.0,0.2,0.6,4.9,0.9,96.6,6.9,3.8,87773,67617,42121,27,223,543,4550,830,89369,6366,3554,20156,67617,27,196,320,4007,21.8,73.1,0.0,0.2,0.3,4.3
